lead_source,industry,number_of_courses_viewed,annual_income,employment_status,location,interaction_count,lead_score,converted
paid_ads,NA,1,79450.0,unemployed,south_america,4,0.94,1
social_media,retail,1,46992.0,employed,south_america,1,0.8,0
events,healthcare,5,78796.0,unemployed,australia,3,0.69,1
paid_ads,retail,2,83843.0,NA,australia,1,0.87,0
referral,education,3,85012.0,self_employed,europe,3,0.62,1
events,manufacturing,1,59904.0,NA,africa,6,0.83,1
social_media,technology,0,51283.0,NA,middle_east,2,0.57,0
social_media,NA,5,62975.0,student,europe,4,0.62,1
referral,healthcare,4,38648.0,unemployed,south_america,2,0.86,1
paid_ads,other,3,59866.0,student,australia,3,0.43,1
paid_ads,retail,2,79276.0,employed,middle_east,2,0.92,1
organic_search,finance,4,80304.0,self_employed,NA,3,0.97,1
organic_search,NA,2,55615.0,self_employed,middle_east,6,0.71,1
social_media,other,3,55438.0,NA,middle_east,1,0.69,0
paid_ads,healthcare,3,0.0,unemployed,middle_east,4,0.75,1
referral,healthcare,2,56004.0,student,middle_east,0,0.64,0
referral,retail,0,54612.0,self_employed,europe,4,0.86,1
referral,other,2,92470.0,unemployed,europe,4,0.74,1
referral,manufacturing,2,74380.0,self_employed,NA,5,0.51,1
paid_ads,NA,2,62809.0,self_employed,europe,5,0.33,1
social_media,technology,4,62067.0,student,north_america,4,0.43,1
social_media,retail,2,56594.0,student,europe,1,0.2,0
referral,other,3,72729.0,student,middle_east,3,0.6,1
events,retail,1,94862.0,unemployed,africa,5,0.49,1
organic_search,education,0,68182.0,employed,south_america,4,0.55,1
organic_search,finance,0,51159.0,employed,europe,1,0.68,0
referral,healthcare,2,46268.0,employed,north_america,3,0.63,1
social_media,other,3,63133.0,unemployed,north_america,3,0.82,1
referral,other,2,57767.0,student,europe,3,0.2,1
referral,finance,1,73420.0,unemployed,NA,3,0.48,1
paid_ads,finance,4,60617.0,self_employed,north_america,0,0.54,1
events,other,1,66476.0,self_employed,africa,0,0.46,0
referral,NA,5,43704.0,employed,australia,4,0.26,1
events,healthcare,3,54547.0,employed,africa,3,0.9,1
events,other,3,59157.0,student,south_america,2,0.79,0
organic_search,NA,4,63220.0,unemployed,north_america,4,0.21,1
organic_search,healthcare,1,54186.0,NA,north_america,2,0.87,0
NA,other,1,51207.0,student,middle_east,0,0.52,0
social_media,healthcare,5,85005.0,NA,asia,0,0.49,1
NA,other,5,67314.0,NA,europe,2,0.87,1
social_media,healthcare,1,78509.0,student,north_america,5,0.75,1
NA,manufacturing,6,59886.0,employed,asia,5,0.82,1
paid_ads,retail,2,65854.0,employed,africa,3,0.81,1
social_media,healthcare,1,61602.0,student,middle_east,5,0.06,0
social_media,technology,3,63854.0,employed,africa,1,0.1,0
social_media,education,2,47767.0,unemployed,europe,1,0.02,0
social_media,education,2,60886.0,student,asia,1,0.15,0
NA,other,2,57246.0,self_employed,asia,1,0.27,1
events,NA,4,40529.0,student,north_america,5,0.21,1
events,NA,3,53077.0,unemployed,north_america,4,0.08,1
referral,NA,4,92215.0,employed,australia,4,0.57,1
organic_search,technology,2,72662.0,employed,NA,2,0.76,1
social_media,other,1,74649.0,self_employed,australia,2,0.88,0
organic_search,retail,1,84336.0,student,australia,4,0.11,0
organic_search,retail,2,66775.0,unemployed,europe,2,0.32,0
events,education,1,64885.0,student,middle_east,4,0.91,1
events,other,1,82434.0,unemployed,north_america,7,0.57,1
social_media,healthcare,2,68420.0,self_employed,europe,3,0.79,1
NA,technology,1,0.0,student,north_america,3,0.15,0
NA,other,3,75502.0,student,africa,5,0.42,1
referral,technology,3,73015.0,self_employed,australia,4,0.95,1
referral,education,2,53240.0,student,middle_east,4,0.11,1
NA,retail,4,34479.0,student,africa,0,0.85,1
referral,finance,2,49506.0,unemployed,middle_east,1,0.71,1
events,retail,3,37911.0,self_employed,europe,3,0.34,1
organic_search,other,1,58631.0,unemployed,middle_east,3,0.78,1
NA,finance,0,34760.0,self_employed,north_america,4,0.06,0
referral,NA,1,79759.0,unemployed,north_america,2,0.97,1
paid_ads,other,1,61707.0,self_employed,europe,5,0.13,1
organic_search,healthcare,4,69608.0,NA,australia,2,0.49,1
events,retail,2,0.0,employed,south_america,2,0.11,1
organic_search,technology,2,57214.0,employed,north_america,4,0.23,1
events,other,0,0.0,student,south_america,7,0.98,1
events,other,1,75589.0,self_employed,south_america,4,0.95,1
organic_search,education,3,59985.0,unemployed,middle_east,5,0.7,1
referral,finance,4,73219.0,student,asia,2,0.7,1
social_media,education,0,37766.0,employed,africa,3,0.86,1
referral,manufacturing,5,39588.0,self_employed,africa,3,0.02,1
paid_ads,other,3,93572.0,student,africa,4,0.9,1
referral,finance,0,0.0,self_employed,middle_east,2,0.18,0
referral,other,3,60711.0,student,north_america,5,0.57,1
social_media,education,3,66807.0,unemployed,asia,4,0.82,1
events,healthcare,2,99183.0,self_employed,europe,1,0.19,0
paid_ads,technology,1,82346.0,student,africa,2,0.6,0
organic_search,education,2,64912.0,employed,africa,4,0.55,1
organic_search,finance,3,81171.0,unemployed,north_america,4,0.51,1
organic_search,manufacturing,2,69458.0,self_employed,asia,4,0.62,1
NA,healthcare,0,44818.0,self_employed,north_america,3,0.68,0
organic_search,other,2,65831.0,self_employed,south_america,2,0.72,1
organic_search,finance,2,54427.0,student,middle_east,5,0.43,1
events,other,3,52293.0,unemployed,middle_east,6,0.12,1
organic_search,NA,0,63020.0,employed,north_america,2,0.37,0
social_media,retail,2,59710.0,unemployed,south_america,4,1.0,1
paid_ads,finance,1,79662.0,self_employed,NA,2,0.21,0
referral,other,0,64888.0,employed,middle_east,3,0.38,1
NA,finance,1,72357.0,self_employed,north_america,0,0.61,0
organic_search,other,0,0.0,employed,europe,1,0.06,0
referral,finance,1,63967.0,self_employed,north_america,5,0.04,1
referral,NA,1,56659.0,employed,asia,4,0.75,1
events,technology,3,72023.0,unemployed,NA,3,0.69,1
paid_ads,other,0,50063.0,student,south_america,2,0.5,0
organic_search,manufacturing,1,51409.0,employed,australia,3,0.35,1
paid_ads,other,0,81146.0,employed,africa,1,0.18,0
paid_ads,other,1,60601.0,student,north_america,1,0.08,0
organic_search,education,1,72160.0,unemployed,asia,4,0.48,1
events,education,2,51421.0,NA,australia,2,0.24,1
referral,education,0,0.0,employed,australia,1,0.71,1
organic_search,NA,3,69618.0,self_employed,asia,2,0.92,1
NA,manufacturing,2,50595.0,employed,australia,3,0.51,1
events,education,1,69639.0,employed,africa,3,0.87,1
organic_search,manufacturing,2,60176.0,NA,asia,6,0.3,0
referral,manufacturing,3,95892.0,employed,south_america,2,0.79,1
events,finance,2,53783.0,NA,asia,1,0.1,0
organic_search,other,1,57920.0,self_employed,australia,0,0.92,1
organic_search,technology,2,39103.0,self_employed,africa,3,0.6,1
referral,other,1,48369.0,self_employed,australia,2,0.58,1
paid_ads,NA,3,75264.0,employed,europe,2,0.96,1
organic_search,healthcare,2,77352.0,unemployed,europe,2,0.22,0
organic_search,finance,1,91403.0,self_employed,africa,5,0.0,1
organic_search,education,3,59641.0,student,asia,4,0.63,1
social_media,finance,1,45043.0,employed,europe,4,0.44,1
events,healthcare,4,82646.0,self_employed,australia,3,0.35,1
organic_search,technology,2,73466.0,student,north_america,3,0.0,1
organic_search,technology,2,68248.0,student,south_america,2,0.58,0
social_media,healthcare,0,69667.0,employed,europe,3,0.22,0
paid_ads,technology,3,56986.0,self_employed,australia,2,0.74,1
paid_ads,healthcare,1,54032.0,self_employed,north_america,0,0.91,0
events,NA,3,0.0,unemployed,europe,3,0.08,1
paid_ads,education,1,67902.0,employed,africa,3,0.7,1
events,manufacturing,3,65980.0,student,south_america,6,0.95,1
social_media,other,2,45202.0,student,asia,2,0.68,1
social_media,healthcare,4,0.0,student,europe,1,0.05,1
organic_search,finance,1,65285.0,student,europe,5,0.5,1
paid_ads,other,2,0.0,unemployed,north_america,4,0.18,0
NA,education,1,26854.0,NA,north_america,0,0.55,0
referral,NA,1,54924.0,student,south_america,6,0.39,1
referral,manufacturing,4,60127.0,self_employed,north_america,7,0.3,1
social_media,retail,0,70725.0,unemployed,australia,2,0.41,0
social_media,education,3,77009.0,self_employed,middle_east,3,0.99,1
referral,technology,0,59695.0,unemployed,europe,4,0.97,0
events,education,1,90707.0,unemployed,australia,5,0.45,1
events,healthcare,3,60375.0,student,australia,9,0.3,1
paid_ads,finance,3,56673.0,employed,africa,1,0.62,0
paid_ads,healthcare,5,65374.0,unemployed,australia,6,0.61,1
organic_search,finance,2,44084.0,employed,africa,2,0.42,0
organic_search,healthcare,1,62672.0,student,north_america,5,0.94,1
organic_search,other,5,68954.0,unemployed,asia,2,0.62,1
referral,manufacturing,1,76106.0,employed,africa,7,0.2,1
events,other,3,83584.0,employed,australia,2,0.35,1
events,education,2,70816.0,unemployed,australia,2,0.89,1
events,healthcare,2,84672.0,self_employed,NA,3,0.76,1
paid_ads,education,1,71490.0,unemployed,NA,3,0.33,0
social_media,finance,3,71412.0,student,asia,1,0.57,1
social_media,healthcare,3,0.0,student,europe,2,0.57,1
social_media,NA,1,64745.0,NA,europe,6,0.82,1
paid_ads,retail,2,47018.0,NA,middle_east,1,0.08,0
paid_ads,technology,3,78148.0,employed,middle_east,2,0.8,1
organic_search,manufacturing,1,0.0,self_employed,australia,0,0.04,0
organic_search,technology,3,71969.0,NA,europe,4,0.83,1
paid_ads,manufacturing,0,64593.0,unemployed,europe,2,0.25,0
social_media,healthcare,4,64709.0,employed,asia,3,0.21,1
paid_ads,healthcare,0,0.0,unemployed,north_america,5,0.86,0
paid_ads,healthcare,4,63165.0,self_employed,africa,3,0.4,0
events,technology,1,70889.0,employed,asia,4,0.61,1
NA,technology,3,0.0,unemployed,north_america,5,0.55,1
organic_search,manufacturing,4,36808.0,employed,europe,4,0.24,1
referral,education,1,58977.0,employed,africa,4,0.56,1
paid_ads,healthcare,3,0.0,unemployed,europe,3,0.01,0
referral,finance,2,67321.0,employed,south_america,3,0.02,1
social_media,retail,2,82516.0,unemployed,south_america,2,0.7,0
NA,healthcare,3,42646.0,student,south_america,1,0.5,1
social_media,finance,2,68468.0,self_employed,north_america,3,0.17,0
referral,finance,1,33790.0,self_employed,north_america,2,0.88,1
referral,technology,1,52035.0,unemployed,middle_east,4,0.72,1
organic_search,healthcare,3,34076.0,unemployed,europe,3,0.64,1
social_media,finance,0,65044.0,self_employed,africa,5,0.53,1
NA,NA,2,82556.0,self_employed,africa,4,0.48,1
paid_ads,other,5,55751.0,self_employed,south_america,2,0.24,1
referral,other,1,84678.0,NA,south_america,2,0.76,0
organic_search,finance,0,85967.0,self_employed,south_america,7,0.39,1
paid_ads,healthcare,3,40662.0,unemployed,asia,2,0.76,0
paid_ads,finance,1,31353.0,employed,africa,4,0.75,1
events,manufacturing,4,69963.0,student,north_america,3,0.18,1
referral,NA,3,30615.0,employed,south_america,2,0.55,1
organic_search,finance,1,88572.0,employed,asia,3,0.03,1
paid_ads,other,2,65488.0,self_employed,asia,4,0.21,1
organic_search,technology,2,46007.0,unemployed,south_america,1,0.09,0
social_media,retail,2,0.0,student,NA,7,0.51,1
paid_ads,education,1,88596.0,employed,australia,4,0.71,1
organic_search,education,1,66553.0,self_employed,asia,7,0.71,1
organic_search,NA,2,40996.0,unemployed,north_america,1,0.04,0
paid_ads,finance,2,0.0,self_employed,europe,2,0.49,0
social_media,other,3,53615.0,unemployed,australia,2,0.21,1
events,NA,1,76293.0,unemployed,australia,3,0.76,0
organic_search,NA,2,49316.0,unemployed,middle_east,2,0.34,0
paid_ads,other,2,64305.0,unemployed,middle_east,3,0.87,1
referral,healthcare,2,50411.0,self_employed,europe,3,0.46,1
social_media,education,8,0.0,employed,north_america,1,0.35,1
paid_ads,healthcare,5,43878.0,unemployed,africa,3,0.13,1
NA,technology,1,67164.0,student,NA,3,0.38,1
social_media,technology,3,43675.0,student,south_america,0,0.92,1
organic_search,technology,0,65974.0,self_employed,south_america,3,0.29,0
referral,finance,2,42213.0,NA,australia,2,0.37,0
organic_search,other,1,62569.0,unemployed,south_america,5,0.37,1
social_media,healthcare,2,77534.0,student,south_america,1,0.78,0
paid_ads,manufacturing,1,42277.0,self_employed,north_america,3,0.27,0
events,manufacturing,1,37995.0,student,africa,4,0.4,0
events,finance,2,51245.0,employed,middle_east,2,0.53,1
social_media,technology,0,18319.0,student,middle_east,2,0.92,0
organic_search,healthcare,2,51338.0,student,south_america,3,0.03,0
organic_search,NA,1,16132.0,self_employed,africa,2,0.47,0
organic_search,healthcare,2,66974.0,student,asia,6,0.08,1
events,NA,1,72608.0,student,middle_east,3,0.4,0
paid_ads,retail,1,61392.0,unemployed,europe,1,0.78,0
social_media,technology,6,0.0,unemployed,africa,4,0.06,1
organic_search,education,3,62120.0,student,europe,6,0.95,1
organic_search,manufacturing,3,66207.0,unemployed,australia,4,0.49,1
organic_search,retail,1,0.0,student,australia,3,0.09,0
organic_search,technology,3,0.0,employed,asia,5,0.16,1
organic_search,NA,2,89867.0,student,south_america,4,0.31,1
social_media,finance,3,67844.0,self_employed,asia,4,0.6,1
paid_ads,finance,1,0.0,unemployed,europe,3,0.96,0
social_media,NA,2,26927.0,employed,africa,2,0.14,0
NA,finance,1,70658.0,student,asia,5,0.49,0
NA,technology,1,43074.0,unemployed,south_america,1,0.68,0
organic_search,retail,0,94165.0,unemployed,south_america,2,0.76,0
organic_search,NA,4,54032.0,employed,north_america,0,0.35,1
events,technology,2,53037.0,self_employed,NA,0,0.15,0
events,retail,3,45170.0,student,middle_east,3,0.38,1
paid_ads,healthcare,2,67782.0,self_employed,europe,4,0.81,1
paid_ads,retail,2,84952.0,employed,south_america,2,0.04,0
organic_search,technology,1,65532.0,NA,middle_east,2,0.68,0
organic_search,retail,0,53776.0,unemployed,south_america,1,0.88,0
paid_ads,technology,3,43685.0,employed,asia,2,0.16,1
NA,manufacturing,3,62630.0,self_employed,south_america,3,0.18,1
referral,technology,2,76723.0,employed,north_america,3,0.49,1
paid_ads,retail,2,0.0,self_employed,africa,1,0.09,0
events,retail,2,86827.0,student,australia,3,0.37,1
social_media,manufacturing,2,80275.0,employed,africa,3,0.82,1
social_media,healthcare,3,0.0,self_employed,africa,2,0.36,0
social_media,education,2,53470.0,student,north_america,3,0.63,1
organic_search,technology,7,95450.0,NA,south_america,1,0.58,1
social_media,other,0,38704.0,employed,australia,1,0.74,0
referral,healthcare,3,64948.0,unemployed,africa,6,0.2,1
paid_ads,other,4,38718.0,self_employed,south_america,1,0.28,0
events,education,2,54183.0,student,south_america,1,0.78,1
paid_ads,other,2,51952.0,self_employed,asia,6,0.63,1
social_media,healthcare,1,78083.0,student,north_america,5,0.15,1
events,other,1,54163.0,unemployed,middle_east,4,0.62,0
events,manufacturing,5,51847.0,unemployed,africa,3,0.79,1
referral,retail,1,40519.0,employed,asia,6,0.44,1
NA,NA,2,70856.0,employed,NA,3,0.43,1
paid_ads,manufacturing,1,39805.0,unemployed,north_america,4,0.54,0
social_media,manufacturing,2,48470.0,NA,asia,0,0.04,0
social_media,retail,2,64070.0,student,asia,2,0.92,1
referral,technology,2,62075.0,self_employed,north_america,5,0.36,1
referral,manufacturing,3,62607.0,employed,asia,4,0.11,1
events,other,2,53087.0,employed,europe,2,0.52,0
organic_search,other,2,0.0,NA,europe,4,0.9,1
referral,technology,1,0.0,employed,europe,2,0.11,1
referral,healthcare,0,0.0,employed,south_america,5,0.53,1
paid_ads,retail,1,69044.0,unemployed,asia,1,0.58,0
referral,technology,3,62492.0,self_employed,asia,1,0.44,1
social_media,finance,4,81443.0,self_employed,north_america,4,0.51,1
social_media,education,1,42754.0,self_employed,africa,3,0.58,1
organic_search,finance,2,63856.0,self_employed,north_america,2,0.48,0
events,education,3,61657.0,unemployed,australia,0,0.38,0
referral,other,5,0.0,self_employed,middle_east,4,0.8,1
NA,retail,5,37213.0,student,middle_east,2,0.95,1
social_media,finance,0,0.0,unemployed,africa,3,0.73,0
social_media,technology,2,99009.0,self_employed,middle_east,3,0.8,1
events,NA,1,0.0,employed,NA,1,0.66,0
NA,education,3,70277.0,NA,asia,2,0.9,1
organic_search,education,2,0.0,NA,asia,2,0.33,1
paid_ads,other,1,56959.0,unemployed,NA,1,0.33,0
social_media,other,1,79115.0,employed,north_america,5,0.84,1
NA,NA,1,67783.0,unemployed,NA,3,0.14,0
social_media,manufacturing,2,66836.0,self_employed,europe,4,0.18,1
referral,finance,3,64877.0,unemployed,europe,1,0.53,1
organic_search,finance,3,51789.0,self_employed,north_america,1,0.18,0
events,finance,5,69397.0,student,middle_east,3,0.31,1
referral,healthcare,2,0.0,student,europe,5,0.91,1
referral,healthcare,0,75911.0,NA,middle_east,4,0.17,1
social_media,education,1,77629.0,unemployed,north_america,4,0.03,0
social_media,finance,4,41674.0,employed,africa,2,0.67,1
organic_search,manufacturing,2,51367.0,self_employed,africa,3,0.66,1
organic_search,other,0,77673.0,employed,middle_east,6,0.16,1
social_media,NA,2,53728.0,unemployed,south_america,0,0.88,0
social_media,finance,2,0.0,unemployed,middle_east,7,0.52,1
organic_search,other,1,82602.0,self_employed,australia,2,0.11,0
paid_ads,retail,1,46393.0,unemployed,south_america,4,0.7,0
social_media,healthcare,2,50327.0,student,north_america,1,0.88,1
paid_ads,finance,3,27580.0,employed,middle_east,1,0.98,1
paid_ads,technology,0,76490.0,self_employed,NA,2,0.04,0
events,technology,1,0.0,employed,asia,2,0.18,0
paid_ads,education,4,62099.0,self_employed,middle_east,3,0.45,1
paid_ads,retail,1,90569.0,employed,australia,4,0.52,1
social_media,manufacturing,1,64210.0,NA,north_america,4,0.68,1
events,retail,0,82547.0,unemployed,africa,4,0.94,0
paid_ads,education,2,0.0,unemployed,north_america,2,0.97,0
paid_ads,other,3,76502.0,student,south_america,2,0.42,1
social_media,education,3,56928.0,student,south_america,2,0.84,1
events,other,3,69161.0,self_employed,north_america,0,0.99,1
paid_ads,healthcare,1,34806.0,employed,europe,4,0.32,1
social_media,retail,2,22876.0,unemployed,europe,4,0.17,0
referral,retail,1,50043.0,self_employed,australia,2,0.14,0
organic_search,NA,3,0.0,employed,europe,1,0.59,1
social_media,retail,4,50961.0,student,south_america,1,1.0,1
social_media,finance,4,82144.0,self_employed,africa,0,0.6,1
social_media,finance,2,61982.0,self_employed,africa,5,0.4,1
paid_ads,education,1,57600.0,self_employed,africa,6,0.87,1
events,finance,0,42104.0,unemployed,asia,2,0.97,1
social_media,finance,0,66358.0,employed,middle_east,3,0.52,0
social_media,NA,2,39940.0,student,australia,2,0.57,0
events,retail,0,51946.0,unemployed,africa,3,0.42,0
organic_search,technology,2,61686.0,employed,middle_east,5,0.53,1
referral,finance,2,101567.0,unemployed,south_america,3,0.36,1
organic_search,manufacturing,3,41422.0,employed,north_america,3,0.66,1
referral,other,1,66890.0,self_employed,middle_east,4,0.53,1
referral,education,1,55199.0,employed,south_america,4,0.09,1
paid_ads,NA,2,28645.0,self_employed,south_america,2,0.52,1
organic_search,education,2,61872.0,student,australia,1,0.01,0
referral,healthcare,3,77326.0,self_employed,africa,1,0.48,1
paid_ads,finance,3,0.0,self_employed,south_america,3,0.47,0
social_media,finance,3,99164.0,student,south_america,3,0.01,1
paid_ads,technology,1,49828.0,employed,asia,1,0.24,0
referral,education,2,58777.0,NA,north_america,0,0.94,1
paid_ads,retail,6,62912.0,unemployed,middle_east,4,0.19,1
events,retail,1,44359.0,employed,middle_east,1,0.07,0
organic_search,healthcare,2,60754.0,unemployed,europe,2,0.53,0
events,retail,5,69783.0,unemployed,north_america,4,0.52,1
organic_search,finance,2,68945.0,unemployed,north_america,5,0.54,1
referral,technology,4,51849.0,self_employed,africa,3,0.13,1
events,healthcare,3,48700.0,student,europe,3,0.21,1
referral,retail,3,60051.0,self_employed,australia,6,0.57,1
referral,finance,1,59355.0,student,south_america,2,0.64,0
NA,manufacturing,1,50616.0,unemployed,europe,5,0.63,1
referral,retail,1,58973.0,employed,africa,2,0.29,0
organic_search,NA,2,34445.0,student,south_america,7,0.95,1
paid_ads,retail,4,79894.0,student,middle_east,6,0.92,1
organic_search,education,3,69033.0,self_employed,north_america,1,0.43,1
events,manufacturing,1,37117.0,self_employed,south_america,0,0.47,0
organic_search,education,5,64274.0,self_employed,australia,2,0.66,1
paid_ads,manufacturing,2,56601.0,unemployed,africa,2,0.79,0
paid_ads,healthcare,1,54023.0,unemployed,NA,4,0.52,0
paid_ads,other,1,62935.0,self_employed,europe,4,0.18,1
NA,technology,2,72567.0,employed,south_america,2,0.98,1
social_media,technology,2,38395.0,student,north_america,7,0.82,1
events,manufacturing,1,54467.0,self_employed,asia,3,0.03,0
paid_ads,manufacturing,0,89493.0,student,south_america,5,0.08,0
referral,retail,4,82408.0,employed,africa,1,0.51,1
paid_ads,education,1,39740.0,self_employed,north_america,6,0.97,1
social_media,education,3,52937.0,unemployed,australia,3,0.45,1
organic_search,technology,1,50625.0,unemployed,north_america,4,0.49,0
NA,other,1,45754.0,self_employed,north_america,5,0.42,1
paid_ads,manufacturing,1,44369.0,employed,middle_east,2,0.39,0
referral,other,3,31321.0,student,asia,1,0.71,0
organic_search,NA,3,67353.0,employed,europe,3,0.34,1
NA,retail,1,27998.0,unemployed,europe,2,0.59,0
organic_search,education,1,41268.0,student,NA,2,0.6,1
events,finance,2,89571.0,unemployed,australia,2,0.29,0
social_media,technology,4,73190.0,unemployed,africa,3,0.56,1
organic_search,healthcare,3,62595.0,employed,north_america,1,0.05,0
events,manufacturing,4,62897.0,student,europe,5,0.83,1
social_media,technology,0,59878.0,unemployed,europe,4,0.85,0
social_media,other,3,63730.0,unemployed,australia,0,0.08,0
referral,finance,4,59084.0,employed,asia,2,0.28,1
paid_ads,other,1,64281.0,self_employed,asia,6,0.92,1
events,technology,2,0.0,unemployed,middle_east,3,0.53,1
NA,NA,0,58365.0,employed,africa,3,0.95,0
organic_search,healthcare,2,32039.0,self_employed,asia,2,0.05,0
events,technology,2,0.0,self_employed,asia,1,0.27,1
referral,technology,1,53368.0,employed,NA,3,0.41,1
social_media,other,0,70229.0,student,europe,3,0.28,0
paid_ads,manufacturing,1,48334.0,employed,middle_east,4,0.0,0
referral,retail,5,59056.0,employed,europe,3,0.16,1
organic_search,finance,1,0.0,student,north_america,3,0.67,0
organic_search,finance,1,75598.0,employed,NA,3,0.85,1
organic_search,other,3,57583.0,student,asia,5,0.6,1
referral,retail,0,0.0,NA,north_america,0,0.28,0
referral,education,2,47912.0,employed,australia,1,0.04,0
social_media,finance,4,61892.0,student,north_america,2,0.55,1
events,finance,3,41689.0,student,south_america,3,0.99,1
social_media,finance,0,39021.0,employed,middle_east,0,0.32,0
NA,education,2,73337.0,self_employed,asia,3,0.82,1
organic_search,education,2,66789.0,self_employed,africa,2,0.85,1
organic_search,healthcare,0,55491.0,self_employed,africa,3,0.41,0
referral,finance,0,0.0,employed,middle_east,2,0.93,1
paid_ads,education,2,31817.0,unemployed,australia,1,0.82,0
events,manufacturing,2,47777.0,unemployed,middle_east,1,0.83,0
paid_ads,education,1,54634.0,student,NA,4,0.03,0
social_media,retail,1,67797.0,student,australia,3,0.12,0
organic_search,finance,1,58388.0,employed,NA,4,0.89,1
social_media,manufacturing,1,68235.0,student,australia,3,0.28,0
events,NA,0,78678.0,unemployed,africa,3,0.6,0
organic_search,technology,1,52091.0,employed,middle_east,2,0.13,0
social_media,technology,3,58949.0,student,australia,3,0.1,1
social_media,other,1,0.0,student,middle_east,3,0.58,1
events,healthcare,5,57425.0,unemployed,australia,6,0.6,1
referral,manufacturing,3,86024.0,self_employed,south_america,2,0.48,1
referral,retail,3,68130.0,employed,europe,3,0.92,1
social_media,retail,3,64969.0,employed,north_america,1,0.18,0
events,education,5,68083.0,student,africa,4,0.41,1
events,NA,1,65094.0,self_employed,asia,1,0.3,0
referral,NA,0,55449.0,student,australia,4,0.47,0
organic_search,other,1,53930.0,employed,middle_east,1,0.78,0
referral,finance,4,69904.0,unemployed,australia,7,0.34,1
organic_search,other,4,50670.0,NA,europe,4,0.92,1
social_media,retail,2,83971.0,self_employed,north_america,2,0.91,1
events,healthcare,2,55265.0,student,australia,5,0.83,1
social_media,retail,1,60268.0,self_employed,europe,2,0.1,0
social_media,retail,4,53688.0,self_employed,asia,7,0.46,1
social_media,technology,2,64299.0,student,europe,2,0.27,1
referral,manufacturing,2,66206.0,employed,australia,3,0.3,1
organic_search,other,0,58861.0,self_employed,asia,9,0.54,1
referral,other,5,56214.0,student,asia,1,0.55,1
organic_search,retail,0,55194.0,employed,middle_east,4,0.24,0
organic_search,technology,2,47325.0,student,asia,3,0.4,1
social_media,retail,3,80035.0,self_employed,australia,3,0.86,1
organic_search,technology,1,74166.0,employed,south_america,2,0.01,0
paid_ads,finance,4,55185.0,NA,middle_east,2,0.68,1
referral,manufacturing,2,42185.0,NA,middle_east,3,0.25,1
organic_search,healthcare,4,77325.0,employed,asia,0,0.7,1
events,education,1,44838.0,employed,europe,1,0.46,0
events,retail,0,64775.0,self_employed,south_america,3,0.7,1
social_media,technology,1,96874.0,student,australia,1,0.32,0
paid_ads,education,3,0.0,unemployed,africa,3,0.31,1
referral,healthcare,0,70164.0,employed,asia,4,0.35,0
paid_ads,other,3,73063.0,unemployed,africa,3,0.71,0
referral,technology,3,45569.0,student,europe,3,0.57,1
organic_search,other,2,109899.0,student,south_america,1,0.41,0
organic_search,finance,1,36971.0,self_employed,africa,3,0.85,1
events,manufacturing,2,88979.0,unemployed,south_america,4,0.14,1
social_media,healthcare,0,50149.0,student,south_america,2,0.19,0
events,other,1,36116.0,unemployed,NA,6,0.24,0
paid_ads,retail,4,62802.0,unemployed,europe,3,0.56,1
events,manufacturing,1,59292.0,student,europe,1,0.81,0
referral,retail,1,47642.0,self_employed,middle_east,2,0.06,0
social_media,finance,0,80187.0,self_employed,europe,1,0.68,0
NA,manufacturing,0,26079.0,employed,middle_east,2,0.2,0
NA,finance,3,86244.0,self_employed,africa,2,0.13,0
referral,manufacturing,3,62478.0,self_employed,africa,2,0.49,1
referral,finance,1,61705.0,unemployed,south_america,4,0.65,1
events,other,1,71381.0,student,australia,3,0.82,0
paid_ads,retail,1,54211.0,employed,europe,0,0.12,0
events,manufacturing,1,85758.0,self_employed,europe,1,0.3,0
events,healthcare,1,50753.0,unemployed,asia,2,0.02,0
events,education,0,49003.0,self_employed,south_america,5,0.32,0
paid_ads,finance,3,73148.0,unemployed,africa,2,0.48,0
paid_ads,technology,1,54332.0,NA,NA,6,0.6,1
social_media,technology,3,0.0,self_employed,middle_east,4,0.18,1
paid_ads,healthcare,1,75843.0,student,australia,2,0.41,0
referral,manufacturing,2,69828.0,self_employed,north_america,3,0.89,1
NA,education,0,87987.0,self_employed,north_america,1,0.11,1
organic_search,retail,5,0.0,student,north_america,1,0.62,1
organic_search,finance,2,64390.0,employed,NA,3,0.87,1
organic_search,retail,6,47717.0,self_employed,south_america,4,0.5,1
events,education,1,68118.0,student,north_america,7,0.87,1
NA,manufacturing,2,61242.0,unemployed,asia,5,0.0,0
social_media,education,2,66130.0,NA,australia,5,0.92,1
social_media,finance,5,73289.0,student,asia,6,0.98,1
social_media,other,3,68122.0,self_employed,asia,4,0.26,1
events,manufacturing,2,95543.0,unemployed,europe,3,0.78,0
organic_search,manufacturing,3,71738.0,student,middle_east,6,0.77,1
NA,manufacturing,2,0.0,student,middle_east,7,0.82,1
NA,NA,4,49371.0,unemployed,europe,3,0.26,0
social_media,NA,0,26438.0,self_employed,NA,1,0.98,0
organic_search,education,3,74449.0,student,europe,3,0.07,1
social_media,other,0,65576.0,unemployed,asia,2,0.45,0
organic_search,manufacturing,1,59357.0,student,south_america,7,0.59,1
referral,other,0,53502.0,unemployed,south_america,1,0.96,0
events,education,1,52343.0,self_employed,NA,4,0.67,1
events,other,3,52531.0,employed,asia,0,0.15,1
organic_search,retail,4,86053.0,self_employed,south_america,1,0.17,1
referral,healthcare,0,48902.0,student,south_america,4,0.36,1
paid_ads,technology,0,51683.0,self_employed,asia,4,0.36,0
social_media,other,2,35238.0,self_employed,north_america,5,0.41,1
events,manufacturing,0,57134.0,self_employed,north_america,4,0.13,0
organic_search,retail,3,79831.0,self_employed,middle_east,5,0.85,1
events,other,2,51884.0,unemployed,africa,4,0.8,1
events,manufacturing,3,0.0,unemployed,south_america,2,0.96,1
social_media,manufacturing,3,52063.0,unemployed,NA,4,0.05,1
paid_ads,manufacturing,2,50518.0,unemployed,africa,4,0.93,1
referral,finance,0,0.0,student,africa,7,0.31,1
social_media,technology,0,66613.0,NA,asia,3,0.43,0
paid_ads,retail,2,61710.0,self_employed,asia,2,0.31,0
referral,manufacturing,4,68335.0,student,europe,1,0.07,1
paid_ads,healthcare,3,0.0,student,south_america,8,0.8,1
paid_ads,technology,0,45316.0,unemployed,australia,1,0.04,0
events,technology,2,62123.0,self_employed,europe,3,0.49,0
events,education,1,64228.0,unemployed,africa,2,0.42,0
paid_ads,other,3,62845.0,self_employed,asia,1,0.51,0
referral,education,4,52279.0,self_employed,north_america,3,0.96,1
referral,retail,4,0.0,unemployed,north_america,3,0.78,1
social_media,finance,2,59669.0,unemployed,africa,4,0.59,1
events,technology,6,83392.0,employed,australia,3,0.35,1
social_media,healthcare,3,0.0,unemployed,europe,1,0.72,0
referral,other,5,45053.0,student,asia,5,0.07,1
organic_search,technology,3,68183.0,employed,africa,8,0.98,1
referral,healthcare,2,71459.0,self_employed,south_america,4,0.68,1
organic_search,manufacturing,0,60851.0,unemployed,north_america,3,0.38,0
paid_ads,other,3,0.0,student,australia,4,0.16,1
social_media,NA,7,87437.0,self_employed,south_america,6,0.61,1
NA,education,0,0.0,unemployed,asia,5,0.97,1
referral,other,0,0.0,unemployed,australia,2,0.65,0
NA,NA,2,58759.0,unemployed,NA,6,0.91,1
NA,technology,2,0.0,employed,australia,0,0.33,0
organic_search,manufacturing,1,0.0,unemployed,africa,3,0.91,0
referral,other,4,22495.0,self_employed,australia,4,0.41,1
paid_ads,finance,2,58803.0,unemployed,europe,4,0.27,0
paid_ads,manufacturing,0,0.0,employed,asia,3,0.84,0
NA,manufacturing,2,47243.0,self_employed,asia,2,0.41,1
organic_search,healthcare,2,43787.0,self_employed,south_america,4,0.36,1
paid_ads,retail,1,68616.0,self_employed,north_america,7,0.32,1
social_media,manufacturing,2,43325.0,student,africa,4,0.3,1
organic_search,finance,2,49140.0,NA,south_america,5,0.57,1
referral,retail,3,54687.0,self_employed,australia,0,0.99,1
paid_ads,retail,0,42537.0,unemployed,australia,5,0.27,0
organic_search,NA,0,62595.0,employed,NA,3,0.53,0
paid_ads,healthcare,2,49596.0,employed,europe,2,0.77,1
paid_ads,retail,1,43115.0,self_employed,africa,2,0.94,0
paid_ads,manufacturing,2,43984.0,student,africa,3,0.69,0
events,retail,0,0.0,self_employed,north_america,2,0.98,0
paid_ads,manufacturing,4,87650.0,student,australia,1,0.83,1
events,NA,1,78154.0,self_employed,south_america,2,0.48,0
organic_search,other,3,66363.0,employed,middle_east,2,0.31,1
social_media,technology,2,54026.0,NA,north_america,1,0.32,0
referral,technology,0,48246.0,student,africa,6,0.44,1
social_media,technology,3,59337.0,unemployed,africa,2,0.58,1
social_media,healthcare,1,57537.0,student,south_america,2,0.28,0
referral,retail,5,0.0,self_employed,middle_east,2,0.21,1
organic_search,technology,3,62453.0,unemployed,north_america,2,0.6,1
organic_search,technology,2,88795.0,self_employed,europe,3,0.94,1
events,retail,2,64960.0,unemployed,australia,0,0.59,0
social_media,other,1,32859.0,unemployed,asia,2,0.97,0
events,finance,0,71362.0,self_employed,australia,2,0.88,0
events,healthcare,4,62522.0,NA,south_america,3,0.64,1
social_media,finance,2,83260.0,self_employed,middle_east,1,0.4,0
referral,manufacturing,0,63767.0,self_employed,middle_east,4,0.78,1
social_media,finance,5,55156.0,employed,australia,1,0.47,1
social_media,technology,1,66963.0,employed,north_america,0,0.71,0
NA,retail,6,36434.0,employed,NA,4,0.88,1
NA,finance,0,60856.0,unemployed,africa,3,0.76,1
NA,education,4,0.0,self_employed,middle_east,4,0.33,1
referral,education,1,65303.0,unemployed,africa,4,0.99,1
paid_ads,manufacturing,2,59334.0,employed,africa,5,0.69,1
social_media,other,2,79461.0,NA,north_america,3,0.0,0
paid_ads,healthcare,2,68243.0,employed,north_america,4,0.73,1
events,healthcare,2,66519.0,unemployed,africa,4,0.33,1
paid_ads,NA,5,48327.0,employed,north_america,0,0.89,1
events,healthcare,3,74739.0,student,europe,5,0.43,1
organic_search,other,1,41839.0,unemployed,australia,2,0.17,0
social_media,finance,1,40801.0,employed,NA,5,0.5,1
social_media,education,2,50069.0,employed,north_america,5,0.74,1
social_media,other,2,59720.0,student,europe,4,0.55,1
paid_ads,NA,1,72926.0,self_employed,south_america,2,0.71,0
organic_search,technology,2,71354.0,student,middle_east,6,0.02,1
NA,healthcare,2,66218.0,self_employed,africa,2,0.76,0
referral,other,1,55736.0,student,asia,2,0.96,1
organic_search,retail,1,32912.0,unemployed,asia,3,0.36,0
NA,healthcare,3,74895.0,employed,australia,4,0.4,1
referral,healthcare,1,33010.0,student,NA,5,0.61,1
events,NA,2,73174.0,unemployed,north_america,5,0.01,1
social_media,healthcare,0,77320.0,employed,asia,1,0.35,0
paid_ads,healthcare,0,57209.0,employed,south_america,3,0.17,0
referral,manufacturing,3,62500.0,student,australia,1,0.08,0
paid_ads,manufacturing,2,71889.0,self_employed,asia,2,0.18,0
social_media,other,1,43941.0,employed,middle_east,2,0.4,0
organic_search,other,3,0.0,NA,middle_east,5,0.45,1
paid_ads,education,2,74474.0,employed,north_america,2,0.6,0
social_media,technology,1,68429.0,employed,europe,5,0.28,1
social_media,technology,0,66594.0,employed,africa,2,0.04,0
social_media,other,2,56754.0,student,europe,5,0.41,1
events,healthcare,2,75215.0,student,asia,3,0.03,0
referral,healthcare,1,59742.0,employed,australia,3,0.77,1
paid_ads,finance,3,43063.0,unemployed,middle_east,4,0.66,1
organic_search,retail,3,72482.0,employed,europe,4,0.85,1
paid_ads,education,1,59105.0,unemployed,north_america,2,0.53,0
events,manufacturing,4,74508.0,NA,north_america,1,0.23,1
organic_search,other,2,71603.0,self_employed,asia,6,0.41,1
organic_search,retail,0,0.0,self_employed,australia,3,0.53,0
organic_search,technology,4,66702.0,employed,asia,4,0.2,1
referral,retail,1,53509.0,self_employed,north_america,1,0.41,0
events,technology,1,48184.0,employed,africa,1,0.6,1
social_media,education,3,67877.0,student,north_america,3,0.11,0
paid_ads,finance,2,41947.0,self_employed,europe,4,0.1,1
organic_search,finance,0,22524.0,unemployed,asia,5,0.07,0
referral,finance,2,74166.0,unemployed,australia,0,0.18,0
paid_ads,retail,5,59349.0,student,north_america,3,0.96,1
paid_ads,other,2,0.0,employed,europe,2,0.01,0
events,retail,1,75363.0,unemployed,europe,3,0.53,1
NA,education,3,0.0,unemployed,africa,4,0.61,0
events,retail,7,60949.0,unemployed,europe,3,0.39,1
referral,other,1,85286.0,employed,south_america,3,0.02,1
paid_ads,technology,3,0.0,student,middle_east,4,0.1,1
organic_search,finance,1,73702.0,unemployed,north_america,2,0.55,0
organic_search,education,3,0.0,student,middle_east,0,0.52,1
organic_search,education,2,50897.0,student,north_america,3,0.63,1
events,manufacturing,3,74162.0,self_employed,north_america,2,0.66,1
referral,healthcare,2,52739.0,unemployed,north_america,2,0.07,0
organic_search,technology,3,59656.0,unemployed,middle_east,4,0.65,1
referral,finance,2,70750.0,self_employed,africa,1,0.66,1
social_media,finance,3,52819.0,employed,africa,5,0.38,1
referral,healthcare,4,64457.0,self_employed,middle_east,2,0.55,1
events,education,3,53970.0,student,europe,3,0.54,1
events,retail,5,69305.0,unemployed,australia,3,0.32,1
organic_search,finance,2,56258.0,student,australia,5,0.23,1
events,other,5,41790.0,student,south_america,2,0.55,1
social_media,other,1,45257.0,employed,south_america,3,0.47,1
events,NA,1,51851.0,self_employed,north_america,1,0.2,0
NA,healthcare,3,46806.0,self_employed,north_america,3,1.0,1
social_media,manufacturing,0,42430.0,unemployed,asia,2,0.1,0
events,other,3,30952.0,student,north_america,1,0.33,1
referral,finance,1,49162.0,self_employed,asia,3,0.85,1
paid_ads,other,1,54915.0,unemployed,australia,3,0.96,0
social_media,healthcare,1,58220.0,employed,africa,4,0.69,1
events,technology,1,45590.0,student,europe,3,0.97,1
NA,healthcare,2,58210.0,self_employed,north_america,1,0.62,0
organic_search,technology,0,63425.0,unemployed,africa,2,0.4,0
paid_ads,manufacturing,6,75389.0,student,NA,2,0.04,1
events,technology,1,41582.0,self_employed,africa,2,0.84,0
referral,NA,1,50333.0,NA,middle_east,5,0.82,1
organic_search,education,3,0.0,student,middle_east,3,0.2,0
organic_search,retail,1,64448.0,self_employed,australia,2,0.2,0
organic_search,healthcare,0,69942.0,student,europe,2,0.5,0
referral,healthcare,1,80452.0,student,africa,1,0.02,0
referral,NA,2,63414.0,student,africa,6,0.75,1
referral,retail,3,56119.0,student,asia,6,0.7,1
organic_search,education,0,0.0,student,asia,4,0.34,0
referral,other,3,58279.0,unemployed,middle_east,5,0.97,1
social_media,NA,0,55258.0,self_employed,north_america,2,0.11,0
referral,retail,1,43078.0,employed,australia,1,0.68,1
organic_search,other,1,76472.0,employed,middle_east,4,0.58,1
social_media,education,2,73225.0,student,north_america,1,0.36,1
referral,finance,1,50766.0,employed,north_america,3,0.1,1
paid_ads,education,5,67861.0,employed,europe,2,0.35,1
social_media,other,2,20035.0,self_employed,middle_east,5,0.24,1
social_media,education,1,83104.0,employed,africa,6,0.38,1
events,retail,3,38048.0,student,north_america,6,0.97,1
events,technology,2,62011.0,student,asia,3,0.25,1
referral,finance,1,60038.0,employed,asia,2,0.93,1
events,retail,0,49591.0,employed,africa,0,0.4,0
NA,healthcare,2,56634.0,student,middle_east,3,0.57,1
referral,manufacturing,2,65303.0,employed,africa,3,0.13,1
NA,healthcare,1,57659.0,self_employed,australia,7,0.75,1
paid_ads,technology,1,43012.0,student,australia,3,0.87,0
referral,finance,3,45841.0,employed,north_america,3,0.34,1
NA,NA,1,67304.0,self_employed,asia,1,0.89,0
events,manufacturing,1,52288.0,employed,south_america,1,0.43,0
paid_ads,healthcare,4,74426.0,employed,europe,10,0.08,1
paid_ads,retail,3,0.0,self_employed,africa,4,0.31,0
NA,education,5,66922.0,employed,europe,5,0.53,1
social_media,manufacturing,3,47308.0,student,middle_east,4,0.02,1
social_media,retail,0,47340.0,unemployed,europe,2,0.98,0
social_media,manufacturing,2,80946.0,student,asia,3,0.56,1
events,NA,1,82405.0,self_employed,europe,2,0.29,0
NA,manufacturing,4,70890.0,self_employed,north_america,3,0.26,1
events,finance,0,49936.0,employed,south_america,0,0.2,0
social_media,other,1,78157.0,self_employed,middle_east,2,0.85,1
events,healthcare,2,0.0,self_employed,south_america,4,0.47,1
events,retail,2,56398.0,unemployed,middle_east,1,0.88,0
paid_ads,education,0,68696.0,self_employed,middle_east,3,0.49,0
paid_ads,healthcare,3,52220.0,unemployed,europe,1,0.07,0
events,manufacturing,4,75559.0,self_employed,south_america,2,0.72,1
events,technology,0,58247.0,employed,asia,4,0.81,0
organic_search,healthcare,4,42875.0,employed,australia,1,0.38,1
paid_ads,technology,2,0.0,NA,europe,3,0.3,0
events,manufacturing,1,57703.0,employed,middle_east,4,0.9,1
social_media,finance,5,70807.0,NA,australia,4,0.55,1
organic_search,healthcare,5,55720.0,unemployed,south_america,3,0.14,1
social_media,technology,3,75652.0,employed,australia,3,0.9,1
social_media,healthcare,4,33234.0,student,south_america,0,0.87,1
paid_ads,NA,1,0.0,unemployed,europe,2,0.54,0
referral,finance,2,44974.0,employed,north_america,0,0.77,0
events,healthcare,3,54193.0,unemployed,africa,4,0.65,1
paid_ads,retail,1,62243.0,employed,middle_east,2,0.43,0
events,education,1,74944.0,employed,europe,2,0.78,1
referral,manufacturing,3,46615.0,student,africa,0,0.66,1
social_media,healthcare,2,50351.0,self_employed,africa,4,0.59,1
social_media,technology,0,104863.0,NA,australia,4,0.2,1
paid_ads,retail,3,61585.0,unemployed,south_america,2,0.41,1
events,finance,2,38400.0,self_employed,asia,1,0.88,0
paid_ads,NA,1,41392.0,unemployed,north_america,2,0.75,0
paid_ads,finance,1,47129.0,NA,south_america,1,0.93,0
social_media,healthcare,0,41832.0,unemployed,south_america,1,0.66,0
referral,NA,3,78343.0,self_employed,middle_east,7,0.48,1
organic_search,finance,1,67553.0,student,europe,2,0.61,1
social_media,other,1,54187.0,unemployed,north_america,2,0.7,0
social_media,retail,2,54799.0,employed,asia,1,0.38,0
events,other,0,79495.0,employed,south_america,3,0.25,0
social_media,manufacturing,3,68378.0,self_employed,asia,4,0.22,1
NA,other,2,63100.0,employed,asia,4,0.17,0
referral,finance,0,70544.0,student,australia,1,0.03,0
referral,healthcare,3,66872.0,unemployed,NA,3,0.03,1
events,NA,1,34730.0,student,NA,3,0.31,0
referral,other,5,50523.0,unemployed,middle_east,5,0.64,1
referral,retail,4,0.0,student,australia,2,0.49,1
paid_ads,finance,2,0.0,self_employed,europe,1,0.08,0
social_media,technology,1,94406.0,NA,south_america,2,0.35,0
referral,education,2,62165.0,student,asia,3,0.04,1
NA,technology,1,48747.0,student,NA,5,0.03,0
referral,education,1,68218.0,self_employed,asia,2,0.37,1
organic_search,healthcare,2,51633.0,student,australia,2,0.94,1
social_media,finance,0,33824.0,self_employed,europe,5,0.51,1
NA,finance,1,50049.0,employed,north_america,1,0.73,1
NA,education,3,60190.0,self_employed,south_america,2,0.61,1
paid_ads,technology,2,59222.0,self_employed,NA,2,0.01,1
paid_ads,education,0,58050.0,employed,africa,4,0.49,0
paid_ads,other,2,60275.0,self_employed,middle_east,3,0.63,1
referral,manufacturing,2,43795.0,student,europe,3,0.29,1
social_media,NA,4,60316.0,self_employed,middle_east,5,0.38,1
paid_ads,retail,1,67092.0,self_employed,australia,4,0.98,1
social_media,retail,1,67031.0,self_employed,south_america,2,0.23,0
referral,retail,0,68914.0,unemployed,africa,4,0.96,1
organic_search,other,2,0.0,unemployed,middle_east,1,0.93,0
referral,NA,2,35103.0,unemployed,africa,0,0.88,0
organic_search,finance,0,68677.0,self_employed,asia,4,0.67,1
referral,healthcare,0,50031.0,self_employed,north_america,3,0.98,1
referral,other,0,68194.0,unemployed,australia,0,0.75,0
organic_search,technology,1,0.0,employed,middle_east,2,0.9,0
social_media,NA,3,0.0,employed,europe,6,0.75,1
organic_search,technology,0,38217.0,employed,australia,3,0.56,0
referral,healthcare,4,82306.0,self_employed,middle_east,3,0.25,1
referral,manufacturing,2,0.0,self_employed,NA,3,0.83,1
organic_search,other,0,80224.0,student,europe,3,0.87,0
organic_search,other,1,43907.0,employed,australia,4,0.33,1
NA,education,2,66190.0,self_employed,middle_east,2,0.75,1
social_media,finance,0,51364.0,student,middle_east,4,0.47,0
paid_ads,manufacturing,1,49116.0,self_employed,north_america,1,0.25,0
social_media,other,3,63702.0,unemployed,asia,7,0.59,1
paid_ads,retail,2,78655.0,self_employed,asia,4,0.72,0
paid_ads,healthcare,1,52170.0,unemployed,south_america,5,0.64,0
referral,NA,2,44866.0,employed,europe,2,0.56,1
events,education,3,69565.0,employed,asia,8,0.01,1
NA,manufacturing,5,37797.0,unemployed,south_america,3,0.0,1
NA,retail,3,64615.0,self_employed,NA,3,0.69,1
paid_ads,retail,0,81217.0,employed,south_america,3,0.98,0
social_media,healthcare,0,57240.0,employed,south_america,1,0.51,0
paid_ads,other,1,23720.0,student,middle_east,1,0.02,0
events,other,0,0.0,employed,middle_east,5,0.75,1
organic_search,finance,4,37196.0,unemployed,middle_east,7,0.07,1
NA,technology,2,70002.0,NA,south_america,3,0.06,0
social_media,retail,2,50611.0,student,middle_east,3,0.37,0
events,retail,3,52634.0,employed,europe,3,0.19,1
events,education,3,42819.0,employed,north_america,3,0.7,1
organic_search,finance,2,67211.0,self_employed,europe,3,0.13,1
social_media,retail,0,61956.0,unemployed,middle_east,2,0.79,1
events,technology,5,73918.0,unemployed,europe,1,0.77,1
paid_ads,technology,1,50631.0,unemployed,middle_east,1,0.7,0
social_media,retail,1,70180.0,student,north_america,4,0.74,1
social_media,retail,3,76548.0,student,africa,4,0.9,1
social_media,healthcare,0,63187.0,self_employed,asia,3,0.71,0
paid_ads,manufacturing,3,68767.0,employed,asia,2,0.59,1
paid_ads,other,2,75036.0,self_employed,europe,2,0.01,0
events,education,2,55442.0,employed,south_america,5,0.1,1
events,NA,3,61850.0,unemployed,north_america,5,0.84,1
referral,other,1,28242.0,employed,middle_east,3,0.84,1
referral,other,3,64725.0,student,africa,5,0.35,1
organic_search,healthcare,2,71768.0,NA,australia,4,0.56,0
organic_search,finance,0,30167.0,unemployed,north_america,4,0.99,1
referral,manufacturing,1,59090.0,student,NA,0,0.69,0
NA,healthcare,3,73049.0,employed,asia,5,0.24,1
referral,finance,1,26402.0,student,europe,1,0.16,0
organic_search,NA,2,0.0,self_employed,australia,3,0.22,1
social_media,NA,1,72593.0,unemployed,middle_east,3,0.05,0
NA,technology,2,0.0,employed,asia,5,0.84,1
paid_ads,technology,2,54271.0,unemployed,asia,4,0.89,0
referral,retail,1,40841.0,self_employed,africa,4,0.61,1
social_media,other,3,0.0,employed,australia,7,0.94,1
events,other,5,60082.0,student,middle_east,2,0.31,1
events,retail,3,70573.0,self_employed,south_america,2,0.57,1
paid_ads,other,1,51729.0,NA,australia,5,0.03,0
referral,healthcare,1,54037.0,unemployed,europe,5,0.43,1
referral,healthcare,3,71960.0,student,australia,4,0.63,1
paid_ads,education,3,44886.0,student,asia,4,0.09,0
paid_ads,technology,1,34303.0,student,middle_east,3,0.97,0
organic_search,other,1,72056.0,employed,middle_east,1,0.83,1
referral,manufacturing,2,64252.0,NA,asia,1,1.0,0
organic_search,finance,0,55388.0,unemployed,asia,3,0.04,0
NA,other,3,0.0,NA,europe,1,0.51,1
events,manufacturing,5,67671.0,employed,middle_east,1,0.03,1
referral,retail,3,61326.0,unemployed,south_america,2,0.77,1
paid_ads,technology,5,26132.0,employed,south_america,2,0.76,1
organic_search,other,2,56446.0,self_employed,middle_east,2,0.09,0
events,technology,1,73051.0,student,australia,3,0.03,1
events,retail,2,78769.0,student,south_america,3,0.92,1
organic_search,retail,2,52131.0,self_employed,asia,1,0.96,0
NA,manufacturing,1,84548.0,employed,africa,6,0.57,1
organic_search,finance,0,42965.0,student,asia,3,0.84,1
events,other,1,49180.0,NA,north_america,4,0.02,0
organic_search,education,4,55429.0,student,europe,4,0.01,1
referral,education,1,54797.0,student,europe,4,0.65,1
referral,healthcare,3,35772.0,employed,north_america,2,0.67,1
social_media,NA,3,31809.0,student,africa,0,0.41,0
events,NA,0,47008.0,NA,middle_east,5,0.36,0
social_media,NA,3,49364.0,student,north_america,2,0.58,1
referral,education,3,30134.0,self_employed,africa,2,0.65,1
paid_ads,technology,2,0.0,self_employed,south_america,2,0.28,0
NA,healthcare,5,85278.0,employed,north_america,3,0.43,1
social_media,education,2,71399.0,NA,europe,1,0.51,1
organic_search,manufacturing,2,0.0,student,australia,6,0.42,1
events,healthcare,1,76270.0,student,south_america,3,0.39,0
organic_search,education,1,79448.0,unemployed,north_america,4,0.38,0
paid_ads,manufacturing,2,73087.0,unemployed,south_america,4,0.65,0
organic_search,education,3,68333.0,employed,south_america,6,0.52,1
referral,NA,1,72576.0,self_employed,south_america,1,0.03,0
paid_ads,technology,1,44351.0,unemployed,europe,2,0.66,0
NA,healthcare,3,0.0,student,asia,5,0.42,1
paid_ads,other,2,58553.0,unemployed,asia,7,0.81,1
social_media,education,1,58415.0,unemployed,north_america,5,0.64,1
paid_ads,manufacturing,3,70528.0,employed,north_america,2,0.89,1
events,finance,1,0.0,unemployed,south_america,4,0.43,1
paid_ads,education,1,0.0,employed,middle_east,2,0.67,0
paid_ads,finance,4,64401.0,self_employed,north_america,5,0.36,1
events,other,4,16351.0,self_employed,australia,1,0.33,1
paid_ads,finance,2,49562.0,student,north_america,2,0.44,1
social_media,education,2,49817.0,employed,north_america,2,0.84,1
paid_ads,manufacturing,2,60180.0,student,middle_east,4,0.23,1
organic_search,finance,1,36592.0,employed,africa,6,0.14,1
referral,manufacturing,1,45060.0,NA,south_america,1,0.42,1
social_media,technology,1,55357.0,self_employed,north_america,4,0.89,1
events,finance,3,73832.0,unemployed,australia,3,0.62,1
NA,NA,1,45180.0,student,middle_east,2,0.91,0
paid_ads,retail,2,57183.0,employed,north_america,2,0.2,0
NA,healthcare,2,45293.0,unemployed,europe,3,0.79,1
paid_ads,finance,1,47030.0,employed,middle_east,4,0.91,1
organic_search,healthcare,0,58372.0,unemployed,south_america,4,0.64,0
paid_ads,manufacturing,2,64287.0,student,middle_east,3,0.84,1
organic_search,manufacturing,1,81369.0,student,europe,9,0.65,1
organic_search,retail,1,53409.0,unemployed,middle_east,4,0.33,0
organic_search,education,3,63142.0,self_employed,north_america,3,0.02,0
events,retail,1,56982.0,self_employed,north_america,2,0.84,1
NA,other,1,44333.0,unemployed,africa,3,0.35,0
organic_search,manufacturing,2,59359.0,student,asia,3,0.99,1
referral,education,1,78138.0,student,middle_east,1,0.71,0
NA,technology,1,74956.0,employed,europe,3,0.34,1
social_media,manufacturing,3,70900.0,student,europe,4,0.38,1
organic_search,retail,3,59335.0,student,australia,1,0.98,1
organic_search,other,6,57523.0,student,asia,4,0.32,1
events,finance,1,77270.0,employed,middle_east,3,0.32,1
referral,manufacturing,0,17735.0,unemployed,africa,4,0.35,1
events,education,2,0.0,student,australia,2,0.49,1
paid_ads,technology,3,81973.0,employed,north_america,2,0.59,1
paid_ads,other,2,0.0,self_employed,north_america,3,0.71,1
social_media,healthcare,6,43849.0,unemployed,north_america,2,0.8,1
NA,NA,1,45351.0,NA,south_america,1,0.88,0
social_media,finance,3,46934.0,NA,australia,3,0.26,1
organic_search,healthcare,2,65227.0,NA,south_america,4,0.41,1
events,other,2,66142.0,student,north_america,5,0.47,1
organic_search,finance,1,53787.0,self_employed,NA,6,0.08,1
referral,technology,2,64953.0,unemployed,africa,1,0.9,0
events,finance,2,82525.0,self_employed,europe,4,0.46,1
paid_ads,education,2,82111.0,employed,australia,4,0.48,1
paid_ads,technology,3,70470.0,unemployed,australia,4,0.71,1
referral,NA,2,62927.0,self_employed,south_america,5,0.47,1
referral,manufacturing,2,54480.0,employed,europe,1,0.94,1
organic_search,other,3,62682.0,NA,australia,1,0.15,0
referral,retail,0,63133.0,unemployed,middle_east,4,0.21,1
social_media,technology,1,60148.0,self_employed,asia,3,0.82,1
events,finance,1,58741.0,unemployed,south_america,0,0.73,0
paid_ads,manufacturing,1,56402.0,student,north_america,1,0.02,0
events,technology,4,41954.0,unemployed,south_america,2,0.79,1
paid_ads,healthcare,5,65989.0,employed,africa,0,0.02,0
NA,technology,1,69263.0,student,middle_east,2,0.32,0
events,healthcare,1,59789.0,student,south_america,1,0.7,0
NA,finance,4,64476.0,employed,middle_east,3,0.46,1
paid_ads,healthcare,4,57020.0,unemployed,europe,4,0.6,1
events,retail,5,0.0,employed,south_america,3,0.08,1
referral,NA,0,0.0,unemployed,south_america,3,0.52,0
referral,other,1,51318.0,self_employed,south_america,5,0.38,1
events,education,1,75049.0,employed,europe,6,0.78,1
paid_ads,retail,0,13929.0,unemployed,asia,1,0.69,0
NA,manufacturing,5,53672.0,student,asia,5,0.25,1
referral,education,4,61676.0,unemployed,north_america,5,0.82,1
paid_ads,manufacturing,4,52389.0,student,north_america,7,0.64,1
referral,retail,1,69518.0,employed,north_america,5,0.85,1
organic_search,manufacturing,3,75955.0,unemployed,north_america,1,0.12,0
organic_search,retail,2,57766.0,self_employed,africa,3,0.55,0
organic_search,other,1,48318.0,student,middle_east,2,0.68,1
social_media,retail,3,0.0,student,asia,5,0.29,1
social_media,technology,3,53767.0,unemployed,middle_east,3,0.76,1
events,education,1,52309.0,unemployed,europe,4,0.3,0
NA,NA,5,70902.0,student,north_america,2,0.65,1
social_media,finance,3,62702.0,employed,europe,4,0.66,1
social_media,manufacturing,0,69689.0,student,australia,0,0.12,0
referral,education,6,51252.0,unemployed,europe,0,0.66,1
organic_search,manufacturing,1,63127.0,self_employed,europe,6,0.7,1
paid_ads,manufacturing,2,50053.0,student,europe,1,0.71,1
social_media,manufacturing,0,61205.0,unemployed,asia,2,0.07,0
referral,manufacturing,0,70546.0,employed,middle_east,1,0.91,0
paid_ads,technology,2,72940.0,student,europe,7,0.96,1
referral,retail,1,54103.0,unemployed,south_america,3,0.16,0
social_media,manufacturing,2,56070.0,self_employed,middle_east,2,0.23,1
paid_ads,finance,0,36204.0,student,australia,3,0.05,0
organic_search,NA,1,67589.0,student,middle_east,3,0.08,0
NA,other,1,0.0,NA,australia,4,0.73,1
paid_ads,finance,1,49698.0,unemployed,middle_east,3,0.92,0
events,finance,0,48100.0,NA,south_america,1,0.48,0
social_media,healthcare,1,54955.0,employed,north_america,5,0.16,0
paid_ads,retail,2,47550.0,employed,asia,2,0.27,0
NA,NA,4,50215.0,employed,australia,1,0.48,1
paid_ads,education,4,53644.0,self_employed,south_america,6,0.34,1
organic_search,finance,1,0.0,employed,middle_east,3,0.56,0
referral,healthcare,1,57082.0,self_employed,australia,5,0.46,1
organic_search,education,1,34452.0,unemployed,middle_east,11,0.81,1
social_media,other,1,66006.0,employed,south_america,5,0.64,1
NA,NA,1,44383.0,employed,NA,6,0.08,1
organic_search,finance,1,61706.0,unemployed,asia,3,0.85,0
paid_ads,education,2,41483.0,unemployed,south_america,2,0.85,0
referral,other,6,35882.0,self_employed,NA,1,0.91,1
referral,retail,3,68607.0,student,north_america,2,0.51,1
organic_search,finance,2,64988.0,self_employed,asia,2,0.06,0
paid_ads,healthcare,0,62870.0,student,europe,4,0.79,0
social_media,retail,1,62807.0,student,north_america,2,0.33,0
referral,retail,2,58164.0,self_employed,australia,1,0.2,0
paid_ads,education,2,47092.0,NA,australia,3,0.09,0
NA,other,1,57304.0,unemployed,europe,4,0.72,1
organic_search,education,2,63983.0,self_employed,NA,4,0.94,1
social_media,other,1,69430.0,unemployed,south_america,3,0.22,0
referral,technology,2,62398.0,employed,south_america,2,0.08,1
organic_search,NA,0,59843.0,unemployed,australia,2,0.75,0
organic_search,technology,1,70679.0,student,africa,3,0.37,0
referral,manufacturing,4,52014.0,unemployed,europe,1,0.3,1
social_media,retail,2,86734.0,self_employed,asia,3,0.89,1
social_media,other,2,69799.0,student,europe,2,0.16,0
events,retail,1,0.0,unemployed,europe,3,0.8,0
organic_search,retail,1,57145.0,unemployed,north_america,6,0.01,1
NA,technology,1,47630.0,NA,south_america,2,0.36,0
social_media,retail,5,0.0,student,NA,0,0.24,1
paid_ads,NA,1,61141.0,student,middle_east,3,0.0,0
events,other,1,63191.0,unemployed,south_america,5,0.75,1
organic_search,manufacturing,1,0.0,unemployed,africa,5,0.45,0
paid_ads,finance,3,0.0,self_employed,north_america,0,0.58,0
social_media,manufacturing,5,66648.0,student,south_america,1,0.68,1
organic_search,NA,3,56836.0,self_employed,south_america,5,0.08,1
events,technology,0,47144.0,unemployed,europe,7,0.95,0
organic_search,finance,2,50786.0,NA,africa,1,0.21,0
social_media,retail,2,61997.0,student,north_america,0,0.67,0
paid_ads,education,4,42802.0,unemployed,north_america,2,0.21,1
organic_search,education,1,73132.0,employed,north_america,4,0.43,1
organic_search,education,3,53005.0,unemployed,australia,2,0.95,1
paid_ads,education,6,35212.0,student,africa,1,0.54,1
events,healthcare,1,74927.0,student,south_america,2,0.15,0
social_media,finance,0,82784.0,NA,south_america,1,0.74,0
events,finance,1,83929.0,student,asia,4,0.02,0
paid_ads,education,0,43615.0,unemployed,south_america,2,0.01,0
referral,NA,9,61741.0,employed,south_america,2,0.66,1
organic_search,NA,1,0.0,student,asia,5,0.14,1
paid_ads,manufacturing,0,46249.0,self_employed,europe,1,0.08,0
paid_ads,finance,3,35774.0,student,africa,4,0.75,1
paid_ads,education,2,58559.0,student,asia,4,0.34,1
social_media,other,5,0.0,unemployed,north_america,3,0.34,1
paid_ads,education,2,49867.0,unemployed,north_america,4,0.15,0
social_media,retail,2,0.0,employed,middle_east,3,0.49,1
organic_search,manufacturing,0,0.0,employed,north_america,2,0.1,0
paid_ads,healthcare,2,0.0,student,africa,4,0.51,1
NA,retail,2,73921.0,student,middle_east,5,0.42,1
NA,education,3,89042.0,employed,asia,4,0.75,1
social_media,education,1,62478.0,self_employed,south_america,4,0.63,1
events,finance,2,83543.0,employed,middle_east,4,0.22,1
organic_search,healthcare,2,59726.0,employed,north_america,3,0.03,1
NA,manufacturing,1,58646.0,student,australia,2,0.85,1
social_media,healthcare,3,64044.0,student,europe,1,0.81,1
paid_ads,NA,0,28278.0,unemployed,europe,2,0.79,0
paid_ads,NA,3,73645.0,employed,africa,2,0.02,0
referral,manufacturing,1,71451.0,employed,asia,3,0.99,1
organic_search,retail,1,69028.0,employed,south_america,6,0.5,1
paid_ads,technology,5,69822.0,employed,north_america,4,0.71,1
organic_search,technology,3,69299.0,unemployed,asia,4,0.39,0
referral,other,2,76063.0,student,australia,4,0.32,1
events,other,3,75413.0,student,NA,2,0.54,1
referral,healthcare,4,0.0,employed,north_america,2,0.19,1
organic_search,retail,3,38993.0,self_employed,europe,3,0.29,1
paid_ads,manufacturing,0,62384.0,student,australia,4,0.82,0
social_media,NA,4,34879.0,employed,australia,2,0.07,1
events,education,2,53107.0,unemployed,europe,3,0.67,1
organic_search,technology,2,58172.0,student,asia,4,0.45,0
referral,retail,1,53224.0,student,australia,2,0.0,1
referral,technology,2,62893.0,self_employed,middle_east,4,0.48,1
social_media,education,0,48379.0,self_employed,australia,1,0.89,0
organic_search,education,2,54415.0,employed,middle_east,4,0.54,1
social_media,healthcare,1,64084.0,unemployed,middle_east,0,0.41,0
events,education,2,0.0,self_employed,north_america,4,0.43,1
paid_ads,healthcare,1,61455.0,unemployed,asia,3,0.53,0
NA,healthcare,3,54830.0,self_employed,north_america,3,0.3,1
referral,NA,0,58594.0,employed,middle_east,5,0.38,1
organic_search,retail,3,0.0,employed,north_america,3,0.34,1
NA,technology,3,49666.0,unemployed,africa,4,0.57,1
paid_ads,finance,2,40058.0,self_employed,africa,3,0.19,0
referral,technology,4,45215.0,student,europe,3,0.6,1
referral,healthcare,2,66134.0,employed,africa,2,0.3,1
organic_search,other,2,47995.0,self_employed,south_america,6,0.27,1
social_media,manufacturing,1,0.0,self_employed,europe,1,0.65,0
paid_ads,retail,2,54023.0,self_employed,middle_east,2,0.7,0
paid_ads,retail,2,0.0,employed,europe,3,0.52,1
events,education,2,60951.0,employed,africa,8,0.15,1
events,other,7,0.0,student,asia,2,0.99,1
NA,education,1,60857.0,student,asia,5,0.44,1
social_media,manufacturing,5,62029.0,self_employed,asia,5,0.97,1
social_media,education,1,101908.0,student,asia,3,0.49,1
paid_ads,technology,1,102742.0,student,south_america,3,0.05,0
organic_search,manufacturing,4,69570.0,employed,north_america,2,0.54,1
referral,education,2,0.0,employed,australia,4,0.6,1
paid_ads,manufacturing,2,47065.0,self_employed,north_america,5,0.52,1
paid_ads,finance,3,41665.0,self_employed,africa,3,0.68,1
social_media,education,1,52177.0,self_employed,asia,5,0.24,1
paid_ads,education,2,58152.0,self_employed,africa,1,0.81,0
organic_search,other,4,46974.0,employed,asia,4,0.2,1
paid_ads,other,1,57665.0,unemployed,north_america,5,0.54,0
events,education,2,75793.0,self_employed,asia,5,0.45,1
paid_ads,other,5,69765.0,self_employed,north_america,2,0.32,1
events,technology,3,0.0,student,north_america,3,0.78,1
NA,other,3,57972.0,student,asia,3,0.81,1
organic_search,other,3,55633.0,self_employed,europe,3,0.48,1
social_media,technology,4,66219.0,student,NA,2,0.14,1
social_media,other,4,53556.0,self_employed,africa,2,0.18,0
referral,technology,2,39463.0,unemployed,asia,4,0.45,1
events,education,2,44137.0,self_employed,australia,5,0.15,1
referral,other,3,0.0,unemployed,africa,1,0.61,1
organic_search,retail,2,62666.0,employed,africa,0,0.3,0
events,finance,1,60866.0,student,europe,3,0.13,0
NA,manufacturing,1,61170.0,NA,africa,8,0.2,1
organic_search,other,2,41719.0,unemployed,africa,1,0.17,0
paid_ads,finance,5,49383.0,self_employed,north_america,5,0.61,1
NA,technology,3,46828.0,self_employed,africa,4,0.59,1
events,NA,5,63111.0,employed,north_america,4,0.31,1
referral,healthcare,1,56507.0,student,north_america,2,0.63,0
events,healthcare,2,48075.0,unemployed,asia,4,0.74,1
paid_ads,other,2,78348.0,student,europe,5,0.65,1
NA,finance,1,58143.0,unemployed,europe,1,0.02,0
social_media,other,1,73697.0,employed,south_america,1,0.98,1
organic_search,finance,5,37279.0,self_employed,asia,2,0.66,1
organic_search,other,3,89856.0,student,europe,0,0.18,0
events,finance,4,0.0,self_employed,south_america,8,0.22,1
social_media,technology,1,65738.0,employed,south_america,3,0.29,0
social_media,manufacturing,4,59754.0,self_employed,middle_east,3,0.27,1
organic_search,retail,6,62832.0,unemployed,NA,4,1.0,1
NA,other,2,51636.0,NA,europe,2,0.93,0
paid_ads,finance,1,64709.0,unemployed,north_america,4,0.89,0
social_media,retail,1,55228.0,employed,asia,3,0.36,0
social_media,education,2,58297.0,student,middle_east,2,0.76,1
referral,healthcare,5,0.0,unemployed,europe,3,0.86,1
referral,technology,3,49937.0,self_employed,asia,4,0.19,1
social_media,finance,5,42642.0,unemployed,south_america,3,0.74,1
organic_search,retail,0,55975.0,self_employed,europe,2,0.25,0
social_media,manufacturing,2,0.0,self_employed,europe,7,0.6,1
NA,retail,3,60910.0,employed,north_america,3,0.32,1
organic_search,NA,4,46148.0,self_employed,north_america,4,0.18,1
events,manufacturing,3,55601.0,student,asia,3,0.94,1
social_media,manufacturing,3,37495.0,student,NA,4,0.97,1
referral,finance,1,0.0,self_employed,australia,2,0.99,1
paid_ads,other,2,34600.0,employed,south_america,2,0.31,0
paid_ads,manufacturing,1,0.0,self_employed,africa,4,0.22,1
organic_search,manufacturing,3,76073.0,self_employed,africa,2,0.06,1
events,technology,1,52790.0,self_employed,south_america,0,0.43,0
organic_search,education,2,46998.0,student,europe,2,0.98,1
referral,finance,2,30639.0,student,australia,1,0.51,0
events,other,0,0.0,NA,asia,0,0.03,0
referral,manufacturing,5,48449.0,self_employed,australia,1,0.31,1
social_media,technology,2,74188.0,unemployed,south_america,3,0.22,1
events,technology,2,83619.0,employed,africa,4,0.93,1
organic_search,technology,1,51441.0,NA,south_america,4,0.93,1
paid_ads,manufacturing,2,48971.0,unemployed,africa,1,0.92,0
referral,other,3,0.0,unemployed,europe,4,0.37,1
referral,manufacturing,3,75220.0,employed,africa,1,0.41,1
referral,NA,4,42847.0,unemployed,middle_east,3,0.38,1
social_media,manufacturing,2,44403.0,self_employed,australia,1,0.71,0
events,other,1,49479.0,employed,australia,3,0.16,0
paid_ads,other,0,50093.0,self_employed,south_america,1,0.15,0
organic_search,retail,5,69145.0,employed,europe,2,0.09,1
referral,NA,3,64895.0,employed,middle_east,2,0.39,1
organic_search,retail,2,62457.0,unemployed,europe,5,0.8,1
referral,finance,0,43109.0,self_employed,north_america,5,0.38,1
organic_search,manufacturing,4,55420.0,student,middle_east,4,0.91,1
organic_search,other,3,57474.0,employed,australia,0,0.25,1
referral,NA,1,64456.0,unemployed,australia,3,0.6,0
events,finance,1,76013.0,self_employed,africa,1,0.95,0
paid_ads,retail,0,58472.0,student,middle_east,5,0.03,0
organic_search,finance,1,80055.0,unemployed,africa,4,0.79,0
paid_ads,education,1,59070.0,student,asia,1,0.3,0
events,education,2,44572.0,self_employed,middle_east,2,0.49,1
paid_ads,finance,0,0.0,employed,north_america,2,0.69,0
NA,healthcare,2,49470.0,student,south_america,5,0.34,1
social_media,finance,1,56746.0,student,north_america,3,0.98,0
paid_ads,NA,0,0.0,employed,australia,4,0.33,0
organic_search,retail,1,59195.0,student,asia,0,0.39,0
referral,manufacturing,1,60791.0,NA,europe,3,0.73,1
referral,healthcare,1,0.0,NA,asia,4,0.5,1
referral,retail,2,0.0,student,australia,4,0.14,1
events,technology,2,71183.0,unemployed,north_america,1,0.69,0
organic_search,healthcare,2,45241.0,employed,asia,6,0.58,1
referral,retail,0,73474.0,self_employed,asia,0,0.95,0
events,NA,1,72085.0,self_employed,europe,3,0.95,1
referral,education,1,69099.0,unemployed,africa,4,0.98,1
organic_search,retail,8,50532.0,unemployed,asia,3,0.96,1
NA,education,2,56668.0,student,south_america,2,0.11,0
events,finance,2,73688.0,self_employed,asia,2,0.07,0
NA,NA,2,0.0,employed,africa,4,0.13,1
organic_search,other,2,79486.0,self_employed,south_america,3,0.13,1
organic_search,education,1,52019.0,unemployed,middle_east,1,0.79,1
social_media,healthcare,2,54074.0,self_employed,asia,3,0.38,1
NA,education,3,63012.0,unemployed,europe,2,0.93,1
organic_search,manufacturing,3,41413.0,employed,australia,1,0.22,1
social_media,retail,2,24683.0,student,africa,1,0.07,0
social_media,manufacturing,2,53003.0,unemployed,middle_east,4,0.84,1
social_media,healthcare,1,46823.0,self_employed,north_america,1,0.69,0
NA,other,1,78409.0,NA,australia,4,0.79,0
organic_search,finance,2,70294.0,self_employed,australia,3,0.82,1
paid_ads,NA,0,48492.0,student,north_america,5,0.15,1
events,NA,1,51269.0,self_employed,europe,3,0.17,0
events,education,1,63592.0,employed,australia,4,0.44,1
NA,other,1,44308.0,self_employed,NA,3,0.11,0
events,retail,4,63085.0,self_employed,africa,2,0.28,1
events,NA,1,57752.0,unemployed,north_america,2,0.35,0
social_media,NA,3,52863.0,unemployed,australia,4,0.77,1
referral,manufacturing,1,93897.0,employed,south_america,2,0.35,1
paid_ads,education,1,78813.0,unemployed,europe,0,0.39,0
paid_ads,healthcare,4,82713.0,self_employed,asia,5,0.09,1
events,technology,1,0.0,self_employed,australia,1,0.06,0
social_media,finance,2,43899.0,self_employed,australia,2,0.39,0
referral,finance,0,44814.0,student,africa,5,0.84,1
paid_ads,technology,1,0.0,student,south_america,2,0.83,0
organic_search,healthcare,1,60256.0,employed,asia,2,0.13,0
NA,healthcare,0,0.0,unemployed,south_america,2,0.6,0
events,education,2,66444.0,student,south_america,5,0.28,1
paid_ads,manufacturing,1,63235.0,employed,europe,3,0.2,0
events,manufacturing,0,43862.0,self_employed,asia,4,0.21,0
social_media,healthcare,2,81798.0,unemployed,north_america,3,0.88,0
paid_ads,finance,1,78790.0,self_employed,north_america,2,0.7,0
NA,other,1,71395.0,student,NA,5,0.83,1
events,manufacturing,1,57039.0,employed,south_america,2,0.3,0
events,healthcare,3,60367.0,student,asia,4,0.47,1
referral,education,3,60965.0,employed,north_america,2,0.09,1
social_media,healthcare,2,73654.0,self_employed,middle_east,2,0.26,0
social_media,retail,1,62438.0,employed,africa,4,0.93,1
organic_search,retail,3,0.0,employed,europe,2,0.84,1
referral,education,0,45569.0,student,europe,1,0.69,0
social_media,education,1,54698.0,unemployed,asia,5,0.92,1
organic_search,finance,4,0.0,student,europe,5,0.26,1
events,manufacturing,4,0.0,employed,south_america,3,0.51,1
events,education,4,0.0,self_employed,north_america,0,0.92,1
events,technology,2,49089.0,student,australia,5,0.07,0
social_media,finance,2,42123.0,student,asia,3,0.2,0
social_media,education,1,70797.0,employed,africa,3,0.62,1
organic_search,education,3,56828.0,NA,north_america,4,0.16,1
social_media,retail,4,68209.0,employed,europe,1,0.91,1
referral,healthcare,1,58949.0,NA,africa,4,0.56,1
events,healthcare,2,74158.0,NA,africa,2,0.96,1
NA,technology,2,61066.0,employed,asia,1,0.36,1
organic_search,healthcare,5,48171.0,NA,north_america,0,0.82,1
referral,healthcare,2,57572.0,self_employed,NA,4,0.28,1
social_media,finance,7,0.0,student,australia,1,0.73,1
events,technology,2,86678.0,employed,asia,4,0.32,1
social_media,manufacturing,2,56471.0,student,africa,1,0.92,1
referral,finance,1,70487.0,self_employed,africa,3,0.95,1
paid_ads,NA,0,0.0,employed,north_america,4,0.43,0
events,education,1,62456.0,NA,asia,4,0.95,1
paid_ads,healthcare,3,85042.0,self_employed,NA,7,0.43,1
referral,manufacturing,4,33206.0,NA,south_america,4,0.12,1
organic_search,retail,1,40440.0,student,australia,0,0.38,0
social_media,finance,5,74928.0,employed,europe,3,0.78,1
social_media,NA,4,58049.0,unemployed,europe,5,0.88,1
organic_search,finance,4,0.0,employed,middle_east,2,0.24,1
referral,retail,2,66753.0,self_employed,australia,5,0.78,1
events,retail,0,54389.0,employed,europe,3,0.54,0
organic_search,manufacturing,1,37666.0,student,middle_east,5,0.14,0
organic_search,other,0,44385.0,self_employed,australia,4,0.26,0
NA,other,2,0.0,employed,south_america,5,0.17,1
paid_ads,finance,1,69553.0,employed,middle_east,2,0.5,1
referral,other,1,55312.0,student,south_america,3,0.72,1
social_media,finance,1,28635.0,self_employed,australia,4,0.72,1
social_media,technology,0,24343.0,self_employed,australia,5,0.84,1
NA,retail,3,67159.0,employed,north_america,7,0.61,1
paid_ads,retail,0,38173.0,student,NA,3,0.89,0
social_media,NA,2,0.0,student,africa,2,0.89,0
referral,healthcare,1,45940.0,employed,middle_east,3,0.34,0
referral,other,1,75319.0,student,asia,4,0.79,1
paid_ads,retail,1,48267.0,self_employed,middle_east,3,0.82,0
events,other,2,50729.0,unemployed,australia,4,0.29,0
paid_ads,manufacturing,2,70803.0,employed,asia,3,0.1,1
events,NA,1,46177.0,unemployed,africa,4,0.57,0
referral,finance,1,41087.0,student,europe,4,0.62,1
events,other,3,80326.0,self_employed,africa,6,0.27,1
social_media,retail,4,65440.0,self_employed,asia,3,0.74,1
social_media,education,0,73196.0,student,australia,2,0.97,1
referral,retail,3,28486.0,self_employed,middle_east,3,0.96,1
referral,education,0,77641.0,student,europe,1,0.6,1
paid_ads,finance,2,99435.0,employed,middle_east,1,0.72,0
social_media,education,2,66171.0,unemployed,north_america,2,0.66,0
social_media,NA,1,0.0,unemployed,north_america,4,0.05,0
events,healthcare,0,65823.0,employed,south_america,3,0.94,0
events,education,2,0.0,unemployed,australia,2,0.73,1
paid_ads,finance,2,0.0,employed,australia,8,0.17,1
referral,education,5,76209.0,unemployed,europe,5,0.88,1
organic_search,education,1,72825.0,employed,australia,2,0.67,1
social_media,NA,2,65072.0,student,north_america,4,0.63,1
social_media,retail,2,79978.0,student,australia,3,0.14,1
organic_search,finance,1,0.0,unemployed,middle_east,2,0.82,0
organic_search,manufacturing,0,47766.0,unemployed,australia,3,0.15,0
events,NA,2,0.0,unemployed,north_america,1,0.46,0
organic_search,technology,0,29952.0,employed,south_america,1,0.94,0
social_media,other,3,99172.0,employed,middle_east,3,0.68,1
social_media,other,1,55794.0,employed,europe,1,0.44,1
referral,manufacturing,0,52505.0,employed,north_america,2,0.25,0
referral,manufacturing,1,55405.0,unemployed,australia,6,0.76,1
referral,NA,5,77854.0,employed,europe,5,0.93,1
NA,manufacturing,3,51271.0,unemployed,europe,3,0.6,1
organic_search,retail,6,60901.0,unemployed,asia,4,0.88,1
NA,retail,2,34862.0,unemployed,north_america,4,0.99,1
referral,manufacturing,3,50728.0,student,asia,2,0.63,1
NA,healthcare,3,0.0,student,australia,5,0.62,1
social_media,education,3,0.0,unemployed,africa,2,0.99,1
events,healthcare,4,82156.0,self_employed,africa,3,0.96,1
social_media,technology,2,64878.0,unemployed,north_america,2,0.08,0
referral,other,2,57654.0,student,south_america,3,0.83,1
events,NA,2,0.0,unemployed,north_america,2,0.5,0
events,healthcare,1,51300.0,unemployed,africa,3,0.62,0
organic_search,retail,3,74582.0,unemployed,middle_east,2,0.66,0
events,finance,1,0.0,student,middle_east,3,0.21,1
referral,education,1,42907.0,employed,middle_east,7,0.83,1
NA,healthcare,3,58140.0,student,europe,2,0.67,1
organic_search,manufacturing,5,56154.0,unemployed,north_america,3,0.09,1
referral,education,2,51119.0,employed,australia,4,0.73,1
organic_search,retail,1,63548.0,NA,europe,4,0.81,1
social_media,healthcare,2,73957.0,student,middle_east,5,0.88,1
organic_search,other,2,53701.0,self_employed,africa,4,0.36,0
NA,other,2,0.0,unemployed,europe,1,0.68,0
social_media,NA,1,37827.0,student,europe,3,0.57,0
events,other,1,42898.0,student,north_america,3,0.1,0
events,technology,1,0.0,student,africa,2,0.46,0
referral,manufacturing,1,22601.0,unemployed,africa,2,0.86,0
events,retail,6,78487.0,unemployed,australia,3,0.55,1
NA,education,3,69233.0,self_employed,middle_east,4,0.24,1
referral,healthcare,6,60513.0,unemployed,south_america,5,0.48,1
organic_search,NA,0,73717.0,employed,asia,2,0.28,0
social_media,education,1,55504.0,NA,asia,4,0.45,0
social_media,healthcare,6,65619.0,employed,europe,2,0.59,1
referral,manufacturing,0,63391.0,unemployed,australia,2,0.68,0
referral,NA,2,46933.0,self_employed,NA,6,0.86,1
paid_ads,education,2,22355.0,self_employed,south_america,4,0.29,1
social_media,technology,2,77835.0,self_employed,africa,3,0.44,1
paid_ads,retail,3,47129.0,student,europe,1,0.84,1
referral,technology,2,37364.0,unemployed,middle_east,4,0.7,1
NA,technology,0,63128.0,unemployed,australia,2,0.22,0
referral,education,4,26839.0,employed,europe,1,0.65,1
social_media,manufacturing,1,64967.0,student,middle_east,2,0.46,0
paid_ads,NA,0,43642.0,self_employed,europe,2,0.5,0
organic_search,finance,0,73239.0,NA,south_america,2,0.99,1
social_media,finance,1,72108.0,self_employed,africa,2,0.46,0
events,manufacturing,2,45059.0,self_employed,africa,2,0.66,0
events,other,3,0.0,self_employed,asia,1,0.65,0
events,technology,0,86954.0,student,africa,2,0.2,0
events,technology,2,30210.0,self_employed,europe,4,0.13,1
paid_ads,healthcare,1,81081.0,NA,australia,3,0.66,0
NA,retail,0,64927.0,employed,north_america,0,0.23,0
social_media,technology,2,43833.0,unemployed,middle_east,3,0.28,0
social_media,technology,3,68336.0,student,australia,1,0.2,0
events,technology,2,51801.0,employed,asia,4,0.89,1
events,manufacturing,1,0.0,unemployed,north_america,4,0.6,0
referral,retail,4,57128.0,unemployed,middle_east,3,0.74,1
organic_search,finance,4,82353.0,NA,middle_east,4,0.93,1
events,education,6,63996.0,NA,australia,4,0.92,1
social_media,healthcare,3,46510.0,unemployed,europe,3,0.27,1
NA,retail,1,65387.0,self_employed,africa,3,0.37,0
referral,other,3,59860.0,self_employed,europe,3,0.83,1
social_media,manufacturing,1,67752.0,student,south_america,1,0.97,1
organic_search,NA,2,73964.0,student,middle_east,4,0.01,1
events,finance,4,50259.0,student,asia,3,0.54,1
organic_search,other,3,61957.0,student,asia,4,0.31,1
referral,NA,1,59939.0,self_employed,north_america,6,0.07,1
organic_search,technology,7,48825.0,self_employed,australia,1,0.25,1
referral,technology,2,49346.0,student,middle_east,3,0.98,1
referral,finance,1,75716.0,unemployed,middle_east,2,0.87,0
organic_search,healthcare,1,78620.0,unemployed,europe,6,0.82,1
paid_ads,NA,3,0.0,employed,middle_east,5,0.5,1
organic_search,manufacturing,1,0.0,NA,asia,0,0.73,1
NA,healthcare,2,47413.0,NA,asia,3,0.26,1
organic_search,NA,1,61912.0,NA,middle_east,2,0.36,1
events,healthcare,2,26158.0,unemployed,australia,3,0.24,0
paid_ads,technology,4,81843.0,unemployed,middle_east,1,0.2,0
organic_search,finance,0,65016.0,self_employed,middle_east,2,0.51,0
events,other,2,81622.0,unemployed,africa,4,0.87,1
organic_search,healthcare,2,38874.0,student,NA,2,0.26,0
events,healthcare,1,40937.0,unemployed,australia,2,0.34,0
NA,technology,1,0.0,employed,south_america,0,0.62,0
social_media,healthcare,2,0.0,self_employed,europe,3,0.31,0
social_media,other,2,49021.0,student,middle_east,3,0.24,0
events,technology,1,0.0,NA,africa,5,0.63,1
paid_ads,retail,4,49204.0,self_employed,australia,3,0.7,1
social_media,finance,3,57588.0,employed,australia,6,0.45,1
NA,healthcare,2,50302.0,unemployed,europe,4,0.61,1
events,manufacturing,2,64134.0,student,north_america,3,0.93,1
paid_ads,retail,0,42190.0,employed,africa,4,0.72,0
organic_search,technology,2,45738.0,NA,australia,3,0.6,0
events,healthcare,2,56185.0,student,south_america,2,0.44,0
referral,other,1,0.0,self_employed,south_america,2,0.33,1
paid_ads,technology,0,57941.0,unemployed,asia,2,0.19,0
paid_ads,healthcare,3,0.0,self_employed,north_america,2,0.85,1
referral,NA,3,43652.0,unemployed,north_america,1,0.1,1
social_media,finance,2,91357.0,employed,africa,4,0.47,1
social_media,retail,2,61246.0,employed,south_america,5,0.02,1
paid_ads,finance,2,64315.0,employed,asia,2,0.42,0
events,technology,0,61938.0,self_employed,middle_east,1,0.52,0
paid_ads,manufacturing,6,45437.0,unemployed,NA,1,0.04,1
paid_ads,retail,3,57705.0,self_employed,australia,1,0.61,1
social_media,technology,1,0.0,unemployed,north_america,3,0.51,0
events,finance,0,66679.0,student,africa,2,0.14,0
events,retail,1,44143.0,self_employed,south_america,5,0.01,1
organic_search,manufacturing,1,82033.0,self_employed,europe,3,0.63,1
social_media,retail,3,42547.0,unemployed,europe,2,0.34,0
events,retail,1,54954.0,employed,asia,6,0.08,1
organic_search,retail,3,68708.0,employed,north_america,3,0.98,1
social_media,healthcare,3,70230.0,student,europe,3,0.17,0
referral,retail,1,70546.0,self_employed,australia,4,0.54,1
social_media,technology,4,70276.0,self_employed,asia,2,0.88,1
social_media,finance,3,69474.0,employed,africa,4,0.56,1
paid_ads,finance,2,0.0,employed,north_america,1,0.24,0
NA,finance,1,72753.0,self_employed,europe,4,0.75,1
events,NA,1,25839.0,unemployed,middle_east,0,0.94,0
organic_search,other,1,48335.0,employed,africa,4,0.85,0
paid_ads,education,1,83875.0,self_employed,europe,1,0.6,0
events,education,2,54976.0,unemployed,north_america,1,0.78,0
organic_search,healthcare,2,68293.0,self_employed,middle_east,1,0.27,0
organic_search,NA,5,52409.0,student,asia,3,0.78,1
social_media,healthcare,2,36757.0,student,north_america,1,0.02,0
organic_search,retail,2,63653.0,employed,asia,3,0.39,1
paid_ads,healthcare,2,62907.0,student,europe,8,0.88,1
events,education,2,77612.0,student,south_america,2,0.69,1
social_media,manufacturing,4,64410.0,student,africa,3,0.22,1
events,technology,1,93341.0,student,middle_east,4,0.99,0
referral,NA,2,56920.0,employed,north_america,2,0.14,1
referral,education,2,58490.0,unemployed,europe,3,0.82,1
paid_ads,technology,1,95266.0,employed,middle_east,1,0.84,0
events,retail,3,73332.0,self_employed,europe,4,0.34,1
social_media,other,2,44395.0,NA,south_america,6,0.63,1
social_media,manufacturing,3,48955.0,employed,NA,0,0.41,1
social_media,retail,6,92210.0,employed,middle_east,1,0.45,1
paid_ads,other,4,60153.0,unemployed,australia,5,0.27,0
social_media,finance,3,40344.0,self_employed,europe,2,0.85,1
organic_search,education,1,65671.0,student,asia,4,0.84,1
paid_ads,retail,1,69605.0,student,asia,2,0.96,0
social_media,technology,2,72519.0,self_employed,australia,2,0.62,1
paid_ads,healthcare,2,0.0,student,middle_east,3,0.94,1
paid_ads,retail,2,70139.0,student,europe,1,0.75,0
organic_search,finance,1,48622.0,employed,north_america,3,0.32,0
organic_search,NA,1,72325.0,student,north_america,4,0.35,0
NA,technology,3,66016.0,NA,NA,1,0.51,1
social_media,retail,5,38017.0,student,NA,1,0.09,1
referral,manufacturing,2,61863.0,student,asia,2,0.02,1
paid_ads,healthcare,1,56718.0,unemployed,africa,2,0.92,0
referral,NA,0,102855.0,employed,south_america,3,0.43,0
organic_search,healthcare,0,47949.0,student,north_america,5,0.43,1
organic_search,NA,1,66406.0,employed,north_america,1,0.68,0
organic_search,finance,1,87872.0,student,south_america,3,0.75,1
referral,education,3,0.0,unemployed,asia,0,0.16,0
social_media,retail,2,0.0,unemployed,south_america,6,0.34,1
events,manufacturing,2,67032.0,employed,africa,2,0.48,0
paid_ads,finance,3,0.0,unemployed,europe,1,0.55,0
events,education,2,48746.0,unemployed,europe,2,0.73,1
organic_search,finance,2,57972.0,employed,north_america,4,0.08,0
NA,technology,2,56229.0,student,middle_east,3,0.12,1
social_media,education,3,0.0,employed,north_america,3,0.13,1
referral,other,2,58981.0,student,europe,3,0.2,1
organic_search,retail,2,67187.0,self_employed,middle_east,4,0.37,1
NA,other,1,61131.0,self_employed,europe,3,0.25,0
paid_ads,finance,2,76340.0,student,north_america,3,0.22,0
social_media,education,2,51367.0,self_employed,africa,3,0.91,1
social_media,healthcare,1,55222.0,self_employed,africa,1,0.25,0
events,other,3,67418.0,student,asia,2,0.19,1
paid_ads,manufacturing,2,72572.0,self_employed,south_america,2,0.17,0
social_media,technology,1,57121.0,self_employed,north_america,2,0.86,0
NA,manufacturing,3,83251.0,employed,middle_east,1,0.91,1
events,education,0,42473.0,self_employed,north_america,4,0.02,0
events,NA,6,66108.0,self_employed,europe,3,0.66,1
NA,healthcare,1,77092.0,unemployed,africa,3,0.41,1
organic_search,healthcare,0,50915.0,NA,africa,1,0.75,0
paid_ads,finance,1,52114.0,student,asia,0,0.3,0
referral,NA,0,48225.0,unemployed,africa,3,0.4,0
social_media,education,2,0.0,student,NA,4,0.78,1
paid_ads,education,3,68836.0,unemployed,africa,2,0.3,1
paid_ads,retail,3,27377.0,self_employed,middle_east,2,0.67,1
organic_search,healthcare,1,48597.0,unemployed,south_america,2,0.75,1
organic_search,NA,3,53357.0,unemployed,europe,7,0.22,1
referral,other,4,79513.0,self_employed,australia,2,0.05,1
organic_search,manufacturing,3,44221.0,student,africa,7,0.51,1
referral,technology,0,0.0,self_employed,south_america,3,0.27,1
social_media,education,3,62377.0,unemployed,north_america,2,0.28,0
NA,other,1,63349.0,student,asia,4,0.68,1
social_media,retail,0,52713.0,self_employed,africa,3,0.98,0
social_media,other,1,0.0,unemployed,asia,0,0.79,0
paid_ads,NA,1,20326.0,employed,middle_east,3,0.81,1
events,finance,2,19529.0,employed,europe,1,0.87,0
paid_ads,finance,1,65782.0,self_employed,australia,4,0.82,1
organic_search,other,1,0.0,NA,europe,0,0.84,0
events,retail,2,35832.0,employed,africa,4,0.78,1
referral,retail,3,69370.0,unemployed,africa,1,0.88,1
events,healthcare,1,0.0,self_employed,south_america,2,0.52,1
NA,technology,1,82417.0,student,north_america,4,0.18,0
organic_search,technology,1,65013.0,employed,asia,2,0.53,0
paid_ads,finance,3,70455.0,student,europe,3,0.23,1
events,retail,1,78310.0,student,middle_east,3,0.43,0
events,healthcare,4,43600.0,self_employed,north_america,1,0.21,0
paid_ads,education,4,44842.0,student,europe,4,0.31,1
NA,education,5,32833.0,unemployed,africa,1,0.28,1
NA,NA,3,72996.0,student,middle_east,3,0.72,1
events,education,1,67762.0,unemployed,south_america,3,0.35,0
organic_search,retail,1,0.0,student,asia,4,0.47,1
events,finance,1,66523.0,self_employed,europe,3,0.64,1
events,education,3,48804.0,unemployed,europe,3,0.98,1
social_media,manufacturing,0,44204.0,self_employed,africa,3,0.92,1
social_media,retail,2,55464.0,student,asia,4,0.78,0
referral,finance,1,47262.0,employed,europe,2,0.96,1
organic_search,finance,0,0.0,employed,asia,1,0.29,0
referral,other,3,68815.0,employed,north_america,3,0.49,1
referral,NA,3,0.0,employed,europe,3,0.31,1
organic_search,technology,1,37755.0,NA,north_america,4,0.26,0
NA,technology,3,45214.0,self_employed,australia,4,0.59,1
events,education,2,53212.0,unemployed,south_america,2,0.83,1
organic_search,finance,2,55938.0,student,south_america,2,0.37,0
referral,education,3,0.0,unemployed,middle_east,3,0.65,1
paid_ads,technology,5,31551.0,unemployed,australia,0,0.72,1
NA,education,2,99779.0,unemployed,asia,5,0.87,1
referral,finance,3,43599.0,unemployed,africa,5,0.37,1
referral,retail,2,62430.0,NA,north_america,2,0.01,1
referral,finance,3,0.0,employed,africa,3,0.42,1
events,technology,6,81618.0,self_employed,australia,1,0.82,1
paid_ads,healthcare,0,0.0,student,europe,5,0.18,0
paid_ads,NA,3,37109.0,unemployed,middle_east,6,0.5,1
paid_ads,retail,2,0.0,student,asia,3,0.83,1
events,technology,1,67145.0,employed,south_america,4,0.9,1
social_media,NA,4,40938.0,self_employed,australia,3,0.14,1
paid_ads,retail,1,51295.0,employed,north_america,3,0.62,0
organic_search,other,3,0.0,unemployed,south_america,1,0.29,0
organic_search,other,4,48374.0,self_employed,middle_east,2,0.52,0
organic_search,NA,2,46572.0,student,asia,3,0.3,1
social_media,technology,3,61639.0,student,europe,1,0.27,0
organic_search,technology,3,63032.0,self_employed,middle_east,3,0.79,1
referral,finance,3,0.0,self_employed,south_america,4,0.29,1
paid_ads,healthcare,3,72120.0,unemployed,north_america,3,0.0,1
referral,retail,4,69519.0,employed,south_america,1,0.94,1
referral,retail,2,67832.0,employed,australia,2,0.26,1
referral,education,1,63977.0,self_employed,north_america,2,0.41,1
paid_ads,healthcare,1,62536.0,NA,asia,3,0.34,0
events,manufacturing,1,47145.0,employed,middle_east,5,0.18,1
NA,NA,2,37512.0,student,middle_east,3,0.04,0
paid_ads,retail,1,76375.0,NA,middle_east,6,0.74,1
social_media,other,1,69079.0,unemployed,south_america,2,0.78,0
paid_ads,healthcare,1,56705.0,NA,NA,1,0.48,0
events,retail,0,78345.0,self_employed,australia,3,0.03,0
events,healthcare,4,61458.0,student,middle_east,7,0.71,1
referral,other,2,68034.0,unemployed,africa,4,0.79,0
paid_ads,education,2,52254.0,employed,south_america,5,0.49,1
organic_search,retail,1,49154.0,student,africa,4,0.37,1
paid_ads,education,2,65742.0,employed,australia,0,0.57,0
referral,finance,0,75546.0,NA,asia,0,0.1,0
referral,finance,2,0.0,NA,south_america,3,0.47,1
social_media,healthcare,1,45253.0,NA,australia,6,0.24,1
referral,manufacturing,1,0.0,self_employed,north_america,4,0.53,1
referral,technology,3,65259.0,student,europe,2,0.24,1
paid_ads,technology,1,45688.0,student,north_america,3,0.02,1
referral,NA,5,71016.0,self_employed,north_america,0,0.25,1
organic_search,finance,3,92855.0,student,north_america,3,0.41,1
